feature,importance
al_alloy_secondary_226_lag26,437
Target_Proxy_rz4,427
lme_3m_benchmark_ret,416
electricity_power_index_lag4,408
Target_Proxy_ret,390
Target_Proxy_lag1,366
aluminium_price_index,359
scrap_lme_ratio,331
Target_Proxy_rmax4,325
crude_oil_ret,305
lme_3m_benchmark_lag13,255
usd_eur_ret,242
Target_Proxy_rmin4,231
lme_3m_benchmark_rmax13,230
aluminium_price_index_lag26,223
aluminium_price_index_ret,220
Target_Proxy_rz8,209
usd_inr_ret,206
lme_3m_benchmark,186
dbb_base_metals_etf_lag26,186
electricity_power_index_rz4,182
lme_3m_benchmark_lag1,179
vix_lag2,178
aluminium_price_index_rz26,172
fx_effect_ret,172
dbb_base_metals_etf_lag1,171
electricity_power_index_rmin4,169
vix_lag4,162
aluminium_price_index_rz4,161
Target_Proxy_lag8,158
bdry_freight_lag4,157
dbb_base_metals_etf_lag13,155
Target_Proxy_rz26,153
usd_cny_ret,149
usd_eur,143
lme_3m_benchmark_rz4,142
vix_ret,142
dbb_base_metals_etf_rmax4,141
electricity_power_index_rm8,138
xme_mining_etf_ret,138
aluminium_price_index_rz8,136
vix_rz8,136
usd_inr_rz8,135
usd_eur_rz4,134
week_of_year,131
vix_lag1,130
electricity_power_index_lag1,129
dbb_base_metals_etf_lag6,129
lme_3m_benchmark_lag2,124
Target_Proxy_lag6,123
crude_oil,120
dbb_base_metals_etf_ret,120
usd_eur_lag2,117
crude_oil_lag13,112
electricity_power_index_lag8,111
electricity_power_index_rz8,109
fx_effect_rz8,109
dbb_base_metals_etf,105
Target_Proxy_rz13,104
aluminium_price_index_lag6,104
lme_3m_benchmark_rm26,104
dbb_base_metals_etf_rz4,104
Target_Proxy_rm4,103
lme_3m_benchmark_lag8,103
Target_Proxy_lag13,102
crude_oil_rz4,102
Target_Proxy_rm13,101
vix_lag6,101
vix,100
aluminium_price_index_rz13,99
lme_3m_benchmark_lag26,99
xme_mining_etf_lag1,99
xme_mining_etf_rz4,98
vix_rz4,98
crude_oil_csv_ret,94
xme_mining_etf_lag8,93
vix_rz26,93
usd_cny_rz4,91
dbb_base_metals_etf_rmin8,90
electricity_power_index_lag6,89
vix_lag8,89
bdry_freight_lag1,88
dbb_base_metals_etf_rm26,88
crude_oil_rz8,88
al_tense_scrap_ret,87
electricity_power_index_rz13,86
xme_mining_etf_lag6,86
crude_oil_csv_rz8,85
aluminium_price_index_lag13,84
al_scrap_zorba_ind_rz4,81
usd_eur_lag8,81
usd_eur_rz8,81
usd_cny_rz13,81
electricity_power_index_lag2,80
bdry_freight_lag2,79
dbb_base_metals_etf_rz13,79
xme_mining_etf_lag13,79
lme_3m_benchmark_rz26,78
electricity_power_index,77
usd_eur_rz13,77
electricity_power_index_rmax13,76
lme_3m_benchmark_rz13,76
crude_oil_csv_lag8,75
dbb_base_metals_etf_lag4,75
vix_rz13,75
Target_Proxy_rm26,74
fx_effect_lag13,74
lme_3m_benchmark_lag6,73
usd_inr_lag13,73
usd_eur_lag26,73
dbb_base_metals_etf_rmax26,73
xme_mining_etf_lag26,73
usd_inr_lag6,72
Target_Proxy_lag26,71
al_alloy_secondary_226_lag8,71
usd_cny,70
al_scrap_zorba_ind_ret,70
usd_inr_rz4,70
al_alloy_secondary_226_lag13,69
vix_lag26,69
bdry_freight_rm4,68
bdry_freight_rz26,68
electricity_power_index_rmax4,67
al_alloy_secondary_226_ret,67
dbb_base_metals_etf_rz26,66
crude_oil_lag8,66
electricity_power_index_rz26,65
electricity_power_index_ret,64
usd_inr_rz13,64
Target_Proxy_lag4,62
Target_Proxy_rm8,62
fx_effect_rz13,62
crude_oil_lag1,62
crude_oil_lag2,62
aluminium_price_index_lag4,61
bdry_freight_ret,61
dbb_base_metals_etf_lag8,61
usd_cny_rz8,61
xme_mining_etf,60
electricity_power_index_rm4,60
dbb_base_metals_etf_rz8,60
vix_lag13,60
Target_Proxy_rmax13,59
crude_oil_csv_rz4,59
bdry_freight_lag8,59
usd_cny_lag4,59
Target_Proxy_lag2,58
usd_inr_rz26,58
usd_cny_lag26,58
dbb_base_metals_etf_rm13,57
usd_cny_lag8,57
coal_pci_rz4,56
vix_rm4,56
crude_oil_lag4,56
aluminium_price_index_lag8,55
electricity_power_index_lag13,55
coal_pci_ret,55
bdry_freight_rz4,55
usd_cny_lag1,55
met_coal_cn,54
met_coal_cn_rmax13,54
usd_cny_lag6,54
crude_oil_lag6,54
electricity_power_index_rmax8,53
crude_oil_csv_rz13,53
lme_3m_benchmark_lag4,52
usd_eur_lag13,52
Target_Proxy_rmin8,51
bdry_freight_lag13,51
usd_eur_lag1,51
fx_effect_lag4,51
dbb_base_metals_etf_rm4,51
lme_3m_benchmark_rz8,50
crude_oil_rz13,50
dbb_base_metals_etf_rmin13,47
usd_cny_rmax13,47
Target_Proxy_rmin13,46
crude_oil_csv_rz26,46
al_scrap_zorba_cn_rz4,46
dbb_base_metals_etf_rmin4,46
crude_oil_rmin26,46
al_scrap_zorba_cn_ret,45
al_tense_scrap_lag6,45
usd_cny_lag2,45
crude_oil_csv,44
met_coal_ind_lag6,44
lme_3m_benchmark_rmax26,43
al_alloy_secondary_226_rm13,43
met_coal_cn_lag26,43
xme_mining_etf_lag2,43
lme_3m_benchmark_rm4,42
lme_3m_benchmark_rmin4,42
xme_mining_etf_rz26,42
crude_oil_lag26,42
al_alloy_secondary_226,41
fx_effect,41
xme_mining_etf_rz13,41
vix_rm26,41
met_coal_cn_lag13,40
dbb_base_metals_etf_rmax8,40
xme_mining_etf_rz8,40
al_tense_scrap_rz4,39
dbb_base_metals_etf_lag2,39
aluminium_price_index_lag1,38
aluminium_price_index_lag2,38
coal_pci_lag1,38
met_coal_ind_ret,38
fx_effect_rz4,38
xme_mining_etf_lag4,38
crude_oil_rmin4,38
crude_oil_rz26,38
usd_inr,37
al_alloy_secondary_226_rz4,37
fx_effect_lag1,37
fx_effect_lag2,37
fx_effect_lag8,37
dbb_base_metals_etf_rm8,37
al_scrap_zorba_ind_rz8,36
al_tense_scrap_lag26,36
usd_eur_rmin8,36
fx_effect_rz26,36
vix_rmax4,36
electricity_power_index_rm26,35
usd_inr_lag2,35
xme_mining_etf_rmin13,35
electricity_power_index_rmax26,34
usd_cny_lag13,34
coal_pci_rz8,33
usd_inr_lag26,33
bdry_freight_rz13,32
usd_eur_lag6,32
coal_pci_rz26,31
met_coal_cn_lag4,31
met_coal_ind_rz4,31
bdry_freight_lag6,31
usd_eur_rz26,31
Target_Proxy_rmax26,30
fx_effect_lag26,30
vix_rmin8,30
met_coal_cn_ret,29
met_coal_cn_rm13,29
usd_eur_lag4,29
dbb_base_metals_etf_rmax13,29
usd_cny_rmax26,29
vix_rmin4,29
vix_rmin13,29
bdry_freight,28
aluminium_price_index_rmax8,28
crude_oil_csv_lag2,28
al_scrap_zorba_ind_lag26,28
vix_rm8,28
crude_oil_csv_lag1,27
coal_pci_rm26,27
al_scrap_zorba_ind_rz26,27
met_coal_cn_lag8,27
met_coal_ind_lag8,27
usd_eur_rm4,27
usd_eur_rm8,27
met_coal_ind,26
al_scrap_zorba_ind_lag2,26
al_tense_scrap_rz8,26
met_coal_ind_rm26,26
bdry_freight_rz8,26
usd_inr_lag1,26
usd_inr_rmax8,26
crude_oil_rmax4,26
aluminium_price_index_rmax4,25
crude_oil_csv_lag4,25
crude_oil_csv_lag13,25
al_scrap_zorba_cn_rz8,25
usd_inr_lag4,25
coal_pci,24
Target_Proxy_rmax8,24
lme_3m_benchmark_rm13,24
al_alloy_secondary_226_rz8,24
al_alloy_secondary_226_rz13,24
usd_inr_rm8,24
usd_eur_rm13,24
fx_effect_rmax8,24
usd_cny_rz26,24
electricity_power_index_lag26,23
electricity_power_index_rm13,23
lme_3m_benchmark_rm8,23
al_alloy_secondary_226_lag4,23
bdry_freight_lag26,23
usd_inr_lag8,23
al_alloy_secondary_226_rz26,22
crude_oil_csv_lag6,22
coal_pci_rz13,22
al_tense_scrap_rz13,22
al_tense_scrap_rz26,22
usd_cny_rmin4,22
lme_3m_benchmark_rmin8,21
al_alloy_secondary_226_rm26,21
met_coal_ind_rm4,21
usd_cny_rmax4,21
usd_cny_rm13,21
vix_rm13,21
aluminium_price_index_rm4,20
aluminium_price_index_rm26,20
al_scrap_zorba_cn_lag6,20
al_scrap_zorba_cn_rz13,20
met_coal_ind_rz26,20
fx_effect_lag6,20
aluminium_price_index_rmin8,19
al_scrap_zorba_cn_rmin4,19
met_coal_cn_rz8,19
met_coal_cn_rz13,19
met_coal_ind_lag13,19
met_coal_ind_rz8,19
usd_eur_rmin4,19
usd_cny_rmax8,19
vix_rmax8,19
al_tense_scrap_lag13,18
met_coal_cn_lag6,18
usd_inr_rm13,18
usd_cny_rm8,18
crude_oil_rm4,18
aluminium_price_index_rm8,17
aluminium_price_index_rm13,17
aluminium_price_index_rmin13,17
al_scrap_zorba_cn_lag2,17
usd_cny_rmin8,17
vix_rmax13,17
aluminium_price_index_rmax26,16
crude_oil_csv_rmin8,16
coal_pci_rmin4,16
al_scrap_zorba_ind_lag1,16
al_tense_scrap_rmax8,16
met_coal_cn_rm4,16
met_coal_cn_rz4,16
met_coal_ind_lag1,16
xme_mining_etf_rm4,16
xme_mining_etf_rm8,16
aluminium_price_index_rmin4,15
aluminium_price_index_rmax13,15
crude_oil_csv_rm4,15
coal_pci_lag4,15
coal_pci_rm13,15
met_coal_cn_rmin13,15
usd_eur_rmax8,15
fx_effect_rm8,15
electricity_power_index_rmin8,14
coal_pci_lag2,14
coal_pci_lag6,14
coal_pci_lag13,14
al_scrap_zorba_ind_lag4,14
met_coal_cn_rm26,14
bdry_freight_rmax4,14
usd_inr_rm4,14
fx_effect_rm26,14
usd_cny_rm4,14
lme_3m_benchmark_rmax4,13
met_coal_cn_rm8,13
met_coal_ind_rz13,13
usd_eur_rmax4,13
fx_effect_rmax4,13
fx_effect_rmax13,13
crude_oil_rm8,13
al_scrap_zorba_cn_lag13,12
al_scrap_zorba_cn_rz26,12
al_scrap_zorba_ind_rmin4,12
met_coal_cn_rmin8,12
fx_effect_rmin4,12
fx_effect_rmin8,12
xme_mining_etf_rmin4,12
xme_mining_etf_rm13,12
crude_oil_rmin13,12
crude_oil_rm26,12
electricity_power_index_rmin26,11
al_alloy_secondary_226_rmax8,11
al_alloy_secondary_226_rmax26,11
crude_oil_csv_rm26,11
al_tense_scrap_lag1,11
bdry_freight_rmin8,11
usd_inr_rmax4,11
fx_effect_rmin13,11
vix_rmin26,11
crude_oil_rm13,11
al_alloy_secondary_226_lag2,10
al_scrap_zorba_ind_lag8,10
al_scrap_zorba_ind_lag13,10
met_coal_ind_lag26,10
bdry_freight_rmin4,10
bdry_freight_rm26,10
usd_eur_rm26,10
fx_effect_rm4,10
fx_effect_rm13,10
xme_mining_etf_rm26,10
usd_cny_rm26,10
usd_cny_rmin26,10
vix_rmax26,10
crude_oil_rmax8,10
crude_oil_rmin8,10
al_alloy_secondary_226_lag6,9
al_scrap_zorba_cn_lag1,9
al_scrap_zorba_cn_lag26,9
al_scrap_zorba_ind_lag6,9
usd_inr_rmin4,9
usd_inr_rmin8,9
usd_eur_rmax13,9
month,9
al_alloy_secondary_226_rm8,8
coal_pci_rm4,8
al_scrap_zorba_ind_rz13,8
met_coal_cn_rz26,8
met_coal_cn_rmax26,8
met_coal_ind_rmax13,8
bdry_freight_rmax8,8
xme_mining_etf_rmax4,8
al_tense_scrap,7
crude_oil_csv_rm13,7
al_scrap_zorba_cn_lag4,7
al_scrap_zorba_cn_lag8,7
al_scrap_zorba_ind_rm4,7
al_tense_scrap_lag4,7
al_tense_scrap_rmax4,7
bdry_freight_rm8,7
bdry_freight_rm13,7
usd_inr_rmax26,7
al_scrap_zorba_cn,6
Target_Proxy_rmin26,6
lme_3m_benchmark_rmax8,6
al_alloy_secondary_226_lag1,6
al_alloy_secondary_226_rmax4,6
crude_oil_csv_lag26,6
crude_oil_csv_rmax8,6
al_scrap_zorba_ind_rm8,6
al_scrap_zorba_ind_rm26,6
al_tense_scrap_lag2,6
met_coal_cn_rmax4,6
met_coal_ind_lag2,6
xme_mining_etf_rmin8,6
lme_3m_benchmark_rmin13,5
crude_oil_csv_rmin26,5
coal_pci_lag8,5
al_scrap_zorba_ind_rm13,5
al_tense_scrap_lag8,5
al_tense_scrap_rmax26,5
met_coal_cn_rmin26,5
met_coal_ind_rmax4,5
met_coal_ind_rmin4,5
usd_eur_rmin13,5
xme_mining_etf_rmax8,5
crude_oil_rmax13,5
electricity_power_index_rmin13,4
lme_3m_benchmark_rmin26,4
crude_oil_csv_rm8,4
coal_pci_rm8,4
met_coal_ind_rm8,4
met_coal_ind_rm13,4
usd_eur_rmin26,4
dbb_base_metals_etf_rmin26,4
xme_mining_etf_rmax13,4
usd_cny_rmin13,4
al_alloy_secondary_226_rmin13,3
crude_oil_csv_rmax4,3
crude_oil_csv_rmin4,3
al_tense_scrap_rm4,3
al_tense_scrap_rmin4,3
al_tense_scrap_rm8,3
al_tense_scrap_rm13,3
al_tense_scrap_rmax13,3
met_coal_cn_lag1,3
met_coal_cn_lag2,3
met_coal_cn_rmax8,3
met_coal_ind_rmin8,3
met_coal_ind_rmin26,3
bdry_freight_rmax13,3
bdry_freight_rmax26,3
bdry_freight_rmin26,3
usd_inr_rm26,3
usd_eur_rmax26,3
al_scrap_zorba_ind,2
al_alloy_secondary_226_rmin8,2
crude_oil_csv_rmax26,2
coal_pci_rmax4,2
coal_pci_rmax13,2
al_scrap_zorba_cn_rm4,2
al_scrap_zorba_cn_rmax4,2
al_scrap_zorba_ind_rmax8,2
al_tense_scrap_rm26,2
met_coal_ind_lag4,2
met_coal_ind_rmax8,2
fx_effect_rmin26,2
xme_mining_etf_rmax26,2
xme_mining_etf_rmin26,2
aluminium_price_index_rmin26,1
al_alloy_secondary_226_rmax13,1
al_alloy_secondary_226_rmin26,1
crude_oil_csv_rmax13,1
coal_pci_lag26,1
coal_pci_rmax8,1
coal_pci_rmin8,1
coal_pci_rmin26,1
al_scrap_zorba_cn_rmax8,1
al_scrap_zorba_cn_rm13,1
al_scrap_zorba_cn_rmax13,1
al_scrap_zorba_cn_rmax26,1
al_scrap_zorba_ind_rmin8,1
met_coal_cn_rmin4,1
met_coal_ind_rmin13,1
met_coal_ind_rmax26,1
bdry_freight_rmin13,1
usd_inr_rmax13,1
usd_inr_rmin13,1
fx_effect_rmax26,1
covid_disruption,0
rusal_sanctions_2018,0
european_energy_crisis_2022,0
china_tax_rebate_cancellation_2024,0
middle_east_supply_halts,0
logistics_spike,0
china_power_curbs_2021,0
ukraine_war_onset,0
india_infra_push,0
al_alloy_secondary_226_rm4,0
al_alloy_secondary_226_rmin4,0
crude_oil_csv_rmin13,0
coal_pci_rmin13,0
coal_pci_rmax26,0
al_scrap_zorba_cn_rm8,0
al_scrap_zorba_cn_rmin8,0
al_scrap_zorba_cn_rmin13,0
al_scrap_zorba_cn_rm26,0
al_scrap_zorba_cn_rmin26,0
al_scrap_zorba_ind_rmax4,0
al_scrap_zorba_ind_rmax13,0
al_scrap_zorba_ind_rmin13,0
al_scrap_zorba_ind_rmax26,0
al_scrap_zorba_ind_rmin26,0
al_tense_scrap_rmin8,0
al_tense_scrap_rmin13,0
al_tense_scrap_rmin26,0
usd_inr_rmin26,0
crude_oil_rmax26,0
quarter,0
