date,predicted_index,real_price,regime_probability,aluminium_price_index,electricity_power_index,lme_3m_benchmark,al_alloy_secondary_226,crude_oil_csv,coal_pci,al_scrap_zorba_cn,al_scrap_zorba_ind,al_tense_scrap,met_coal_cn,met_coal_ind,bdry_freight,usd_inr,usd_eur,fx_effect,dbb_base_metals_etf,xme_mining_etf,usd_cny,vix,crude_oil
2026-05-01,247.31321,406.4651,0.7134,339582.75,1201.38,3607.75,320514.4525,89.61,17678.5635,273237.847,258692.8666,246225.7405,18727.89,19099.6245,11.4428,94.0092,0.8579,0.0724,26.3847,118.1474,6.8084,23.9924,99.3976
2026-05-08,242.97456,399.3345,0.6184,339582.75,1201.38,3607.75,320514.4525,89.61,17678.5635,273237.847,258692.8666,246225.7405,18727.89,19099.6245,11.0921,93.5603,0.8351,0.072,27.2227,124.5003,6.7405,22.2836,96.2062
2026-05-15,241.99183,397.7193,0.6489,339582.75,1201.38,3607.75,320514.4525,89.61,17678.5635,273237.847,258692.8666,246225.7405,18727.89,19099.6245,11.2691,92.7674,0.83,0.0727,27.4775,119.4409,6.7477,20.1342,95.445
2026-05-22,244.00006,401.0199,0.6484,339582.75,1201.38,3607.75,320514.4525,89.61,17678.5635,273237.847,258692.8666,246225.7405,18727.89,19099.6245,10.9446,92.93,0.8276,0.073,27.9277,113.9087,6.7834,31.3283,102.7991
2026-05-29,245.47071,403.4369,0.6099,339582.75,1201.38,3607.75,320514.4525,89.61,17678.5635,273237.847,258692.8666,246225.7405,18727.89,19099.6245,10.9598,92.886,0.815,0.0734,27.5767,112.8012,6.8182,32.9604,93.9217
2026-06-05,245.35053,403.2394,0.573,339582.75,1201.38,3607.75,320514.4525,89.61,17678.5635,273237.847,258692.8666,246225.7405,18727.89,19099.6245,11.5537,93.6429,0.8219,0.0725,28.2807,113.0009,6.7868,25.7517,100.5692
2026-06-12,247.44696,406.6849,0.5976,339582.75,1201.38,3607.75,320514.4525,89.61,17678.5635,273237.847,258692.8666,246225.7405,18727.89,19099.6245,12.385,94.7223,0.8208,0.0713,29.1828,116.2426,6.755,27.1803,110.3093
2026-06-19,244.47387,401.7986,0.596,339582.75,1201.38,3607.75,320514.4525,89.61,17678.5635,273237.847,258692.8666,246225.7405,18727.89,19099.6245,12.1305,94.8244,0.8088,0.0712,30.1374,122.6359,6.7496,24.8437,102.205
2026-06-26,241.30045,396.583,0.5625,339582.75,1201.38,3607.75,320514.4525,89.61,17678.5635,273237.847,258692.8666,246225.7405,18727.89,19099.6245,11.5213,94.6166,0.8159,0.0715,30.5483,120.826,6.7638,25.1389,108.5539
2026-07-03,242.91049,399.2291,0.48,339582.75,1201.38,3607.75,320514.4525,89.61,17678.5635,273237.847,258692.8666,246225.7405,18727.89,19099.6245,12.7668,94.5481,0.794,0.0714,30.9719,119.754,6.7468,26.9398,108.2268
2026-07-10,244.99877,402.6613,0.4282,339582.75,1201.38,3607.75,320514.4525,89.61,17678.5635,273237.847,258692.8666,246225.7405,18727.89,19099.6245,13.1151,94.6241,0.7785,0.0723,31.0951,121.2374,6.8387,26.028,110.7123
2026-07-17,242.00723,397.7446,0.4168,339582.75,1201.38,3607.75,320514.4525,89.61,17678.5635,273237.847,258692.8666,246225.7405,18727.89,19099.6245,13.9879,93.9564,0.7721,0.0733,31.8643,117.7773,6.8886,32.5174,120.3001
2026-07-24,238.52224,392.0169,0.4503,339582.75,1201.38,3607.75,320514.4525,89.61,17678.5635,273237.847,258692.8666,246225.7405,18727.89,19099.6245,13.0904,93.6858,0.7726,0.0735,31.5878,110.3834,6.8862,27.323,124.1865
2026-07-31,237.37563,390.1325,0.4291,339582.75,1201.38,3607.75,320514.4525,89.61,17678.5635,273237.847,258692.8666,246225.7405,18727.89,19099.6245,12.8068,93.1945,0.7695,0.0741,32.1771,116.9603,6.9024,33.9181,143.752
2026-08-07,233.00338,382.9466,0.4223,339582.75,1201.38,3607.75,320514.4525,89.61,17678.5635,273237.847,258692.8666,246225.7405,18727.89,19099.6245,13.143,93.8338,0.7597,0.0736,31.2214,120.8585,6.9096,35.2074,147.2884
2026-08-14,229.70175,377.5203,0.3751,339582.75,1201.38,3607.75,320514.4525,89.61,17678.5635,273237.847,258692.8666,246225.7405,18727.89,19099.6245,13.4509,94.5183,0.7608,0.0736,30.3704,128.0089,6.9585,39.5084,140.3632
2026-08-21,229.60859,377.3672,0.3748,339582.75,1201.38,3607.75,320514.4525,89.61,17678.5635,273237.847,258692.8666,246225.7405,18727.89,19099.6245,14.5361,94.9028,0.7668,0.073,32.0117,127.4675,6.9237,34.1492,134.7718
2026-08-28,229.92045,377.8797,0.3602,339582.75,1201.38,3607.75,320514.4525,89.61,17678.5635,273237.847,258692.8666,246225.7405,18727.89,19099.6245,15.9945,95.3717,0.7879,0.0725,32.2018,120.0921,6.9181,29.1733,142.9273
2026-09-04,229.08468,376.5061,0.3132,339582.75,1201.38,3607.75,320514.4525,89.61,17678.5635,273237.847,258692.8666,246225.7405,18727.89,19099.6245,15.8202,95.962,0.7914,0.0714,32.2494,116.1538,6.8534,27.0836,150.5359
2026-09-11,225.28513,370.2615,0.3479,339582.75,1201.38,3607.75,320514.4525,89.61,17678.5635,273237.847,258692.8666,246225.7405,18727.89,19099.6245,16.6673,97.2926,0.793,0.0704,31.6845,122.9302,6.8517,31.0872,160.3803
2026-09-18,224.85594,369.5561,0.3618,339582.75,1201.38,3607.75,320514.4525,89.61,17678.5635,273237.847,258692.8666,246225.7405,18727.89,19099.6245,17.4067,97.7448,0.7969,0.0705,35.1081,127.1007,6.8934,36.1572,166.9491
2026-09-25,222.05139,364.9467,0.342,339582.75,1201.38,3607.75,320514.4525,89.61,17678.5635,273237.847,258692.8666,246225.7405,18727.89,19099.6245,17.7091,97.2208,0.7964,0.071,34.7296,117.4701,6.9042,33.7502,168.3332
2026-10-02,216.76902,356.265,0.3391,339582.75,1201.38,3607.75,320514.4525,89.61,17678.5635,273237.847,258692.8666,246225.7405,18727.89,19099.6245,16.8742,97.7838,0.7903,0.0703,35.024,118.4082,6.8746,47.541,175.0035
2026-10-09,222.34338,365.4266,0.3687,339582.75,1201.38,3607.75,320514.4525,89.61,17678.5635,273237.847,258692.8666,246225.7405,18727.89,19099.6245,16.4018,96.6789,0.784,0.0709,36.6598,117.1958,6.8587,49.9305,160.5749
2026-10-16,219.71585,361.1082,0.3568,339582.75,1201.38,3607.75,320514.4525,89.61,17678.5635,273237.847,258692.8666,246225.7405,18727.89,19099.6245,19.2839,97.4826,0.7719,0.07,36.2994,125.1201,6.8274,53.5183,168.1995
2026-10-23,220.32632,362.1115,0.4179,339582.75,1201.38,3607.75,320514.4525,89.61,17678.5635,273237.847,258692.8666,246225.7405,18727.89,19099.6245,17.5914,97.4791,0.7564,0.0706,35.1893,135.3126,6.8772,52.3252,164.435
2026-10-30,227.94575,374.6342,0.3676,339582.75,1201.38,3607.75,320514.4525,89.61,17678.5635,273237.847,258692.8666,246225.7405,18727.89,19099.6245,16.4223,97.8762,0.7578,0.0701,34.7321,136.4309,6.8589,53.1922,171.1247
2026-11-06,228.12004,374.9207,0.3469,339582.75,1201.38,3607.75,320514.4525,89.61,17678.5635,273237.847,258692.8666,246225.7405,18727.89,19099.6245,17.3485,97.9926,0.7609,0.0701,34.7155,133.9504,6.8644,61.2199,167.2629
2026-11-13,226.27858,371.8942,0.3416,339582.75,1201.38,3607.75,320514.4525,89.61,17678.5635,273237.847,258692.8666,246225.7405,18727.89,19099.6245,18.6157,98.2756,0.767,0.0696,35.3635,129.371,6.8394,68.921,173.5258
2026-11-20,222.0732,364.9826,0.3616,339582.75,1201.38,3607.75,320514.4525,89.61,17678.5635,273237.847,258692.8666,246225.7405,18727.89,19099.6245,17.7776,99.1721,0.7789,0.069,35.0394,127.4456,6.8473,68.9446,183.2364
2026-11-27,224.64889,369.2158,0.3757,339582.75,1201.38,3607.75,320514.4525,89.61,17678.5635,273237.847,258692.8666,246225.7405,18727.89,19099.6245,18.2734,99.1371,0.7796,0.0699,35.6554,123.1077,6.9287,58.5561,171.7379
2026-12-04,223.88757,367.9645,0.3712,339582.75,1201.38,3607.75,320514.4525,89.61,17678.5635,273237.847,258692.8666,246225.7405,18727.89,19099.6245,17.4071,99.1874,0.7632,0.0702,37.3974,121.8037,6.9588,64.535,185.6604
2026-12-11,225.25063,370.2047,0.3562,339582.75,1201.38,3607.75,320514.4525,89.61,17678.5635,273237.847,258692.8666,246225.7405,18727.89,19099.6245,16.8627,99.4096,0.752,0.0699,36.1308,118.1772,6.9479,67.7468,202.005
2026-12-18,217.72839,357.8418,0.3215,339582.75,1201.38,3607.75,320514.4525,89.61,17678.5635,273237.847,258692.8666,246225.7405,18727.89,19099.6245,16.539,99.4587,0.7467,0.0701,36.1516,125.9863,6.9769,73.2322,203.4781
2026-12-25,223.53905,367.3917,0.2912,339582.75,1201.38,3607.75,320514.4525,89.61,17678.5635,273237.847,258692.8666,246225.7405,18727.89,19099.6245,16.8657,99.518,0.7473,0.0703,35.499,126.5813,6.995,92.3577,215.0943
2027-01-01,217.79413,357.9498,0.2966,339582.75,1201.38,3607.75,320514.4525,89.61,17678.5635,273237.847,258692.8666,246225.7405,18727.89,19099.6245,16.7745,100.2768,0.7364,0.0692,36.2859,126.0667,6.9381,108.9024,194.9381
2027-01-08,217.39398,357.2922,0.3279,339582.75,1201.38,3607.75,320514.4525,89.61,17678.5635,273237.847,258692.8666,246225.7405,18727.89,19099.6245,15.7351,100.6835,0.7266,0.0687,38.1049,133.7568,6.9172,82.5798,210.5961
2027-01-15,213.1667,350.3445,0.3363,339582.75,1201.38,3607.75,320514.4525,89.61,17678.5635,273237.847,258692.8666,246225.7405,18727.89,19099.6245,15.6493,100.6878,0.7283,0.0688,38.4631,144.1824,6.928,78.4348,193.079
2027-01-22,219.81796,361.276,0.3808,339582.75,1201.38,3607.75,320514.4525,89.61,17678.5635,273237.847,258692.8666,246225.7405,18727.89,19099.6245,14.0003,101.6727,0.7307,0.0682,37.7827,155.6587,6.9308,94.7069,194.1729
2027-01-29,224.8624,369.5667,0.3658,339582.75,1201.38,3607.75,320514.4525,89.61,17678.5635,273237.847,258692.8666,246225.7405,18727.89,19099.6245,13.0105,101.5154,0.7416,0.0681,38.7042,152.9317,6.9153,71.6209,210.7762
2027-02-05,217.37478,357.2606,0.3532,339582.75,1201.38,3607.75,320514.4525,89.61,17678.5635,273237.847,258692.8666,246225.7405,18727.89,19099.6245,14.5782,101.6104,0.7538,0.068,37.4,141.4544,6.9115,76.1052,210.7624
2027-02-12,210.74082,346.3575,0.3297,339582.75,1201.38,3607.75,320514.4525,89.61,17678.5635,273237.847,258692.8666,246225.7405,18727.89,19099.6245,14.4777,101.5932,0.7454,0.0679,37.9238,146.95,6.8982,105.8046,207.405
2027-02-19,210.32729,345.6779,0.2949,339582.75,1201.38,3607.75,320514.4525,89.61,17678.5635,273237.847,258692.8666,246225.7405,18727.89,19099.6245,13.1934,100.6715,0.7457,0.0687,37.4954,133.0698,6.9173,86.8958,194.7736
2027-02-26,217.88609,358.1009,0.2968,339582.75,1201.38,3607.75,320514.4525,89.61,17678.5635,273237.847,258692.8666,246225.7405,18727.89,19099.6245,12.0706,100.7373,0.7469,0.0687,37.5754,138.5541,6.9187,98.24,186.8009
2027-03-05,223.08563,366.6465,0.2977,339582.75,1201.38,3607.75,320514.4525,89.61,17678.5635,273237.847,258692.8666,246225.7405,18727.89,19099.6245,12.8976,101.1174,0.7441,0.0683,38.5056,133.2593,6.9081,86.7081,193.1628
2027-03-12,224.56427,369.0767,0.3413,339582.75,1201.38,3607.75,320514.4525,89.61,17678.5635,273237.847,258692.8666,246225.7405,18727.89,19099.6245,11.5089,101.3024,0.7414,0.0677,36.5034,142.3468,6.8545,131.0405,186.8489
2027-03-19,222.82919,366.2251,0.295,339582.75,1201.38,3607.75,320514.4525,89.61,17678.5635,273237.847,258692.8666,246225.7405,18727.89,19099.6245,9.9338,102.1245,0.7467,0.0673,36.2704,133.3953,6.877,93.7257,186.8821
2027-03-26,221.71867,364.3999,0.3042,339582.75,1201.38,3607.75,320514.4525,89.61,17678.5635,273237.847,258692.8666,246225.7405,18727.89,19099.6245,10.5576,102.263,0.7602,0.0676,36.2379,137.3135,6.9091,70.7259,216.4013
2027-04-02,222.27376,365.3122,0.3122,339582.75,1201.38,3607.75,320514.4525,89.61,17678.5635,273237.847,258692.8666,246225.7405,18727.89,19099.6245,9.8848,102.769,0.7618,0.0675,37.9106,144.1865,6.9387,70.8208,206.388
2027-04-09,221.63687,364.2654,0.3103,339582.75,1201.38,3607.75,320514.4525,89.61,17678.5635,273237.847,258692.8666,246225.7405,18727.89,19099.6245,9.366,101.2084,0.7772,0.0681,39.9417,148.8222,6.8968,103.9323,199.8164
2027-04-16,223.8639,367.9256,0.3179,339582.75,1201.38,3607.75,320514.4525,89.61,17678.5635,273237.847,258692.8666,246225.7405,18727.89,19099.6245,8.9986,102.3507,0.7732,0.0675,38.7161,150.4008,6.9099,113.1359,207.9381
2027-04-23,225.1034,369.9628,0.335,339582.75,1201.38,3607.75,320514.4525,89.61,17678.5635,273237.847,258692.8666,246225.7405,18727.89,19099.6245,9.4595,101.4184,0.771,0.0685,39.3633,163.3915,6.9421,150.3456,203.6149
2027-04-30,218.13147,358.5042,0.304,339582.75,1201.38,3607.75,320514.4525,89.61,17678.5635,273237.847,258692.8666,246225.7405,18727.89,19099.6245,10.9867,100.2828,0.7616,0.0692,37.7884,157.9717,6.9433,156.2135,187.2219
2027-05-07,216.95221,356.5661,0.285,339582.75,1201.38,3607.75,320514.4525,89.61,17678.5635,273237.847,258692.8666,246225.7405,18727.89,19099.6245,10.3047,100.6813,0.7614,0.0696,38.8629,161.8705,7.0066,182.4744,195.0701
2027-05-14,214.89804,353.19,0.3692,339582.75,1201.38,3607.75,320514.4525,89.61,17678.5635,273237.847,258692.8666,246225.7405,18727.89,19099.6245,11.6551,100.6753,0.762,0.0687,37.9528,156.2405,6.9167,183.9931,224.4208
2027-05-21,218.12651,358.4961,0.3654,339582.75,1201.38,3607.75,320514.4525,89.61,17678.5635,273237.847,258692.8666,246225.7405,18727.89,19099.6245,12.8804,102.1738,0.7675,0.0674,39.5503,147.9745,6.8885,140.3697,217.2099
2027-05-28,216.63747,356.0488,0.3414,339582.75,1201.38,3607.75,320514.4525,89.61,17678.5635,273237.847,258692.8666,246225.7405,18727.89,19099.6245,12.6411,101.8679,0.7724,0.0679,41.2107,156.9046,6.9146,126.7807,215.2036
2027-06-04,218.75796,359.5339,0.314,339582.75,1201.38,3607.75,320514.4525,89.61,17678.5635,273237.847,258692.8666,246225.7405,18727.89,19099.6245,13.0551,101.5996,0.7629,0.0675,40.0844,161.1817,6.8594,158.6362,207.2886
2027-06-11,223.62299,367.5297,0.2862,339582.75,1201.38,3607.75,320514.4525,89.61,17678.5635,273237.847,258692.8666,246225.7405,18727.89,19099.6245,12.8674,100.9201,0.751,0.0683,37.3272,162.6365,6.8896,171.0522,190.5629
2027-06-18,222.26312,365.2947,0.2537,339582.75,1201.38,3607.75,320514.4525,89.61,17678.5635,273237.847,258692.8666,246225.7405,18727.89,19099.6245,12.254,100.4581,0.7543,0.0679,37.3644,181.4136,6.8238,174.0182,203.0665
2027-06-25,218.11532,358.4777,0.2715,339582.75,1201.38,3607.75,320514.4525,89.61,17678.5635,273237.847,258692.8666,246225.7405,18727.89,19099.6245,11.0867,99.0868,0.75,0.0686,38.4931,202.1547,6.8004,207.1316,198.8182
2027-07-02,214.55424,352.625,0.2949,339582.75,1201.38,3607.75,320514.4525,89.61,17678.5635,273237.847,258692.8666,246225.7405,18727.89,19099.6245,13.2902,100.5206,0.7457,0.0677,35.1246,198.9994,6.8091,188.9773,196.5328
2027-07-09,207.42534,340.9085,0.3195,339582.75,1201.38,3607.75,320514.4525,89.61,17678.5635,273237.847,258692.8666,246225.7405,18727.89,19099.6245,14.7752,100.6284,0.7437,0.0678,36.0863,184.4681,6.822,189.6765,181.8493
2027-07-16,208.22783,342.2274,0.2908,339582.75,1201.38,3607.75,320514.4525,89.61,17678.5635,273237.847,258692.8666,246225.7405,18727.89,19099.6245,14.9465,101.3636,0.7501,0.0673,36.6917,184.7825,6.8238,144.4071,173.0956
2027-07-23,213.26408,350.5046,0.2653,339582.75,1201.38,3607.75,320514.4525,89.61,17678.5635,273237.847,258692.8666,246225.7405,18727.89,19099.6245,15.3306,102.023,0.7541,0.0673,36.9597,172.2833,6.8686,134.0912,184.005
2027-07-30,217.92441,358.1639,0.264,339582.75,1201.38,3607.75,320514.4525,89.61,17678.5635,273237.847,258692.8666,246225.7405,18727.89,19099.6245,14.9311,102.3892,0.7553,0.0672,36.0575,172.2933,6.8813,132.6629,170.8891
2027-08-06,216.37687,355.6205,0.3009,339582.75,1201.38,3607.75,320514.4525,89.61,17678.5635,273237.847,258692.8666,246225.7405,18727.89,19099.6245,13.5102,102.0537,0.7477,0.0679,37.8439,181.7217,6.927,135.2136,183.9196
2027-08-13,218.80903,359.6178,0.2549,339582.75,1201.38,3607.75,320514.4525,89.61,17678.5635,273237.847,258692.8666,246225.7405,18727.89,19099.6245,13.4515,100.1686,0.7435,0.0689,38.1696,178.2663,6.9005,156.5016,174.8926
2027-08-20,222.06736,364.973,0.2479,339582.75,1201.38,3607.75,320514.4525,89.61,17678.5635,273237.847,258692.8666,246225.7405,18727.89,19099.6245,14.6998,100.369,0.754,0.0684,37.7007,163.3983,6.8604,160.1979,172.8405
2027-08-27,223.88889,367.9667,0.2366,339582.75,1201.38,3607.75,320514.4525,89.61,17678.5635,273237.847,258692.8666,246225.7405,18727.89,19099.6245,15.3127,100.4784,0.758,0.0678,37.6014,163.1514,6.8153,168.002,157.1806
2027-09-03,228.69222,375.8611,0.2165,339582.75,1201.38,3607.75,320514.4525,89.61,17678.5635,273237.847,258692.8666,246225.7405,18727.89,19099.6245,14.7867,102.1863,0.7483,0.0664,36.3471,176.6184,6.787,144.2813,178.7203
2027-09-10,239.57014,393.7392,0.2464,339582.75,1201.38,3607.75,320514.4525,89.61,17678.5635,273237.847,258692.8666,246225.7405,18727.89,19099.6245,15.5433,102.9522,0.7418,0.0662,36.4032,187.8608,6.8138,165.0385,192.9245
2027-09-17,235.17188,386.5106,0.2587,339582.75,1201.38,3607.75,320514.4525,89.61,17678.5635,273237.847,258692.8666,246225.7405,18727.89,19099.6245,16.5268,103.0637,0.7451,0.0661,36.2166,198.3446,6.8102,153.0944,202.7581
2027-09-24,239.74838,394.0321,0.2106,339582.75,1201.38,3607.75,320514.4525,89.61,17678.5635,273237.847,258692.8666,246225.7405,18727.89,19099.6245,16.8115,102.7155,0.7545,0.0661,35.402,196.7364,6.7924,193.1496,205.0772
2027-10-01,244.60137,402.0081,0.2193,339582.75,1201.38,3607.75,320514.4525,89.61,17678.5635,273237.847,258692.8666,246225.7405,18727.89,19099.6245,15.2183,103.1646,0.76,0.0656,35.4571,208.6323,6.765,177.9001,178.7197
2027-10-08,235.37394,386.8427,0.1952,339582.75,1201.38,3607.75,320514.4525,89.61,17678.5635,273237.847,258692.8666,246225.7405,18727.89,19099.6245,14.7316,104.2722,0.7721,0.0648,34.993,204.6517,6.7535,143.2777,169.9004
2027-10-15,235.50869,387.0641,0.1971,339582.75,1201.38,3607.75,320514.4525,89.61,17678.5635,273237.847,258692.8666,246225.7405,18727.89,19099.6245,14.4737,103.6132,0.7671,0.0652,35.7365,207.4613,6.7551,148.9637,178.9605
2027-10-22,243.5258,400.2404,0.2113,339582.75,1201.38,3607.75,320514.4525,89.61,17678.5635,273237.847,258692.8666,246225.7405,18727.89,19099.6245,13.9781,104.0739,0.766,0.0651,35.2876,212.2537,6.7748,121.8274,184.8037
2027-10-29,245.33365,403.2117,0.2444,339582.75,1201.38,3607.75,320514.4525,89.61,17678.5635,273237.847,258692.8666,246225.7405,18727.89,19099.6245,14.0981,102.7955,0.7673,0.0663,35.295,211.5031,6.8118,152.0208,192.0266
2027-11-05,246.42029,404.9976,0.2228,339582.75,1201.38,3607.75,320514.4525,89.61,17678.5635,273237.847,258692.8666,246225.7405,18727.89,19099.6245,13.9166,101.4931,0.7668,0.0672,35.1342,212.8827,6.8206,130.13,183.2018
2027-11-12,250.88165,412.3299,0.2234,339582.75,1201.38,3607.75,320514.4525,89.61,17678.5635,273237.847,258692.8666,246225.7405,18727.89,19099.6245,13.9676,102.2655,0.7679,0.0675,35.9356,218.5725,6.9008,138.9575,189.875
2027-11-19,257.61316,423.3933,0.2174,339582.75,1201.38,3607.75,320514.4525,89.61,17678.5635,273237.847,258692.8666,246225.7405,18727.89,19099.6245,13.7002,102.0732,0.7589,0.0678,35.262,209.2669,6.9244,164.2259,188.9403
2027-11-26,258.86667,425.4535,0.2229,339582.75,1201.38,3607.75,320514.4525,89.61,17678.5635,273237.847,258692.8666,246225.7405,18727.89,19099.6245,13.7352,103.0353,0.7604,0.0675,35.313,196.2938,6.9542,182.1542,213.1299
2027-12-03,258.4615,424.7876,0.2268,339582.75,1201.38,3607.75,320514.4525,89.61,17678.5635,273237.847,258692.8666,246225.7405,18727.89,19099.6245,14.3003,103.0784,0.7697,0.0676,34.0305,198.03,6.9705,176.7447,208.456
2027-12-10,253.99864,417.4528,0.1592,339582.75,1201.38,3607.75,320514.4525,89.61,17678.5635,273237.847,258692.8666,246225.7405,18727.89,19099.6245,15.6322,101.948,0.7653,0.0683,34.3715,213.3925,6.9676,161.6217,231.4826
2027-12-17,250.5716,411.8204,0.2115,339582.75,1201.38,3607.75,320514.4525,89.61,17678.5635,273237.847,258692.8666,246225.7405,18727.89,19099.6245,16.409,102.6901,0.774,0.0674,35.5626,211.2467,6.9209,158.6449,239.8366
2027-12-24,253.29294,416.2929,0.2245,339582.75,1201.38,3607.75,320514.4525,89.61,17678.5635,273237.847,258692.8666,246225.7405,18727.89,19099.6245,16.3594,102.8785,0.7721,0.0678,35.8949,199.1564,6.9791,156.5383,255.2605
2027-12-31,254.35335,418.0358,0.2003,339582.75,1201.38,3607.75,320514.4525,89.61,17678.5635,273237.847,258692.8666,246225.7405,18727.89,19099.6245,16.933,103.3406,0.7648,0.0677,36.2031,211.3992,6.9988,132.6094,254.6213
2028-01-07,253.71139,416.9807,0.1276,339582.75,1201.38,3607.75,320514.4525,89.61,17678.5635,273237.847,258692.8666,246225.7405,18727.89,19099.6245,16.8881,102.2751,0.7658,0.0682,35.5787,220.0846,6.9721,123.4104,229.3093
2028-01-14,263.0012,432.2487,0.1312,339582.75,1201.38,3607.75,320514.4525,89.61,17678.5635,273237.847,258692.8666,246225.7405,18727.89,19099.6245,18.2263,101.4692,0.7686,0.0685,36.0282,219.915,6.9487,118.2775,224.2829
2028-01-21,271.04199,445.4639,0.1546,339582.75,1201.38,3607.75,320514.4525,89.61,17678.5635,273237.847,258692.8666,246225.7405,18727.89,19099.6245,17.9353,101.4943,0.7702,0.0682,34.1836,217.4303,6.921,100.6689,220.8585
2028-01-28,268.49241,441.2736,0.19,339582.75,1201.38,3607.75,320514.4525,89.61,17678.5635,273237.847,258692.8666,246225.7405,18727.89,19099.6245,17.2954,101.171,0.7724,0.0685,33.4915,237.0255,6.9352,107.2268,229.4283
2028-02-04,268.05778,440.5593,0.2033,339582.75,1201.38,3607.75,320514.4525,89.61,17678.5635,273237.847,258692.8666,246225.7405,18727.89,19099.6245,19.0767,101.3214,0.7886,0.0685,32.906,257.4532,6.943,96.5512,223.3909
2028-02-11,262.78014,431.8854,0.22,339582.75,1201.38,3607.75,320514.4525,89.61,17678.5635,273237.847,258692.8666,246225.7405,18727.89,19099.6245,17.6756,100.9362,0.7936,0.0687,33.8852,296.4234,6.9389,83.0873,232.9834
2028-02-18,263.33717,432.8009,0.2502,339582.75,1201.38,3607.75,320514.4525,89.61,17678.5635,273237.847,258692.8666,246225.7405,18727.89,19099.6245,17.3456,99.7215,0.7967,0.0702,34.4616,289.7961,7.0026,68.2155,214.8249
2028-02-25,268.76436,441.7206,0.2705,339582.75,1201.38,3607.75,320514.4525,89.61,17678.5635,273237.847,258692.8666,246225.7405,18727.89,19099.6245,17.2147,101.0274,0.7837,0.0694,33.9605,301.0992,7.0097,74.3102,200.4104
2028-03-03,272.69868,448.1867,0.1808,339582.75,1201.38,3607.75,320514.4525,89.61,17678.5635,273237.847,258692.8666,246225.7405,18727.89,19099.6245,17.8616,101.2234,0.7794,0.0697,33.3811,300.8194,7.0575,81.0897,196.362
2028-03-10,265.73719,436.7454,0.1738,339582.75,1201.38,3607.75,320514.4525,89.61,17678.5635,273237.847,258692.8666,246225.7405,18727.89,19099.6245,16.3975,101.4629,0.7823,0.0691,33.3108,312.646,7.0064,96.8904,188.8213
2028-03-17,257.35936,422.9762,0.1649,339582.75,1201.38,3607.75,320514.4525,89.61,17678.5635,273237.847,258692.8666,246225.7405,18727.89,19099.6245,16.4948,100.5231,0.7902,0.0695,32.8929,290.4706,6.9888,123.3234,197.9847
2028-03-24,249.66771,410.3348,0.1535,339582.75,1201.38,3607.75,320514.4525,89.61,17678.5635,273237.847,258692.8666,246225.7405,18727.89,19099.6245,17.1267,98.9621,0.7958,0.0706,33.7318,306.0286,6.9821,159.0836,225.0969
2028-03-31,249.75689,410.4814,0.1889,339582.75,1201.38,3607.75,320514.4525,89.61,17678.5635,273237.847,258692.8666,246225.7405,18727.89,19099.6245,16.9645,98.2224,0.7943,0.0711,34.1287,297.6723,6.9823,162.6739,230.8614
2028-04-07,253.28832,416.2854,0.1961,339582.75,1201.38,3607.75,320514.4525,89.61,17678.5635,273237.847,258692.8666,246225.7405,18727.89,19099.6245,19.8117,98.1258,0.8032,0.0707,33.228,306.5214,6.9395,147.1362,256.7943
2028-04-14,250.37085,411.4904,0.2163,339582.75,1201.38,3607.75,320514.4525,89.61,17678.5635,273237.847,258692.8666,246225.7405,18727.89,19099.6245,19.77,99.5711,0.811,0.0697,33.4967,300.1301,6.9421,151.8732,263.3191
2028-04-21,255.85926,420.5108,0.229,339582.75,1201.38,3607.75,320514.4525,89.61,17678.5635,273237.847,258692.8666,246225.7405,18727.89,19099.6245,22.3214,98.7463,0.8135,0.0704,32.8539,299.282,6.9553,159.915,269.5989
2028-04-28,250.37517,411.4975,0.1964,339582.75,1201.38,3607.75,320514.4525,89.61,17678.5635,273237.847,258692.8666,246225.7405,18727.89,19099.6245,19.7016,98.08,0.8221,0.0712,33.3445,309.7636,6.9809,196.7558,265.747
2028-05-05,254.74866,418.6855,0.1896,339582.75,1201.38,3607.75,320514.4525,89.61,17678.5635,273237.847,258692.8666,246225.7405,18727.89,19099.6245,21.7617,99.2224,0.8055,0.0708,34.2834,344.0993,7.0261,139.2078,293.2091
2028-05-12,261.68345,430.083,0.2,339582.75,1201.38,3607.75,320514.4525,89.61,17678.5635,273237.847,258692.8666,246225.7405,18727.89,19099.6245,23.9145,99.7305,0.8314,0.0705,34.3158,318.5484,7.033,94.3797,284.688
2028-05-19,259.50011,426.4946,0.1872,339582.75,1201.38,3607.75,320514.4525,89.61,17678.5635,273237.847,258692.8666,246225.7405,18727.89,19099.6245,26.3769,99.7962,0.8391,0.0711,34.1775,301.1683,7.0958,92.9145,263.2799
2028-05-26,255.38858,419.7372,0.1898,339582.75,1201.38,3607.75,320514.4525,89.61,17678.5635,273237.847,258692.8666,246225.7405,18727.89,19099.6245,30.7131,100.001,0.8396,0.071,34.8667,289.6073,7.1025,82.7929,287.1204
2028-06-02,260.54649,428.2143,0.1925,339582.75,1201.38,3607.75,320514.4525,89.61,17678.5635,273237.847,258692.8666,246225.7405,18727.89,19099.6245,29.5101,100.378,0.8476,0.0707,34.2783,278.5715,7.0962,76.8649,306.1305
2028-06-09,259.76046,426.9225,0.2198,339582.75,1201.38,3607.75,320514.4525,89.61,17678.5635,273237.847,258692.8666,246225.7405,18727.89,19099.6245,29.6212,100.41,0.8417,0.0714,33.6991,260.6838,7.1687,62.9269,294.602
2028-06-16,258.00859,424.0432,0.2322,339582.75,1201.38,3607.75,320514.4525,89.61,17678.5635,273237.847,258692.8666,246225.7405,18727.89,19099.6245,33.9074,99.8084,0.8437,0.0713,33.0277,289.7112,7.1171,68.459,282.8458
2028-06-23,254.76803,418.7173,0.2795,339582.75,1201.38,3607.75,320514.4525,89.61,17678.5635,273237.847,258692.8666,246225.7405,18727.89,19099.6245,34.0219,99.7037,0.8519,0.0708,34.9708,282.1925,7.0605,67.4904,326.4516
2028-06-30,254.81668,418.7973,0.2688,339582.75,1201.38,3607.75,320514.4525,89.61,17678.5635,273237.847,258692.8666,246225.7405,18727.89,19099.6245,36.5826,100.5106,0.8545,0.0705,34.4941,261.3208,7.0836,56.5387,313.8334
2028-07-07,263.11164,432.4302,0.2772,339582.75,1201.38,3607.75,320514.4525,89.61,17678.5635,273237.847,258692.8666,246225.7405,18727.89,19099.6245,37.2269,99.38,0.8573,0.0714,35.2471,237.774,7.099,68.8746,293.4653
2028-07-14,267.95017,440.3825,0.2361,339582.75,1201.38,3607.75,320514.4525,89.61,17678.5635,273237.847,258692.8666,246225.7405,18727.89,19099.6245,37.4983,98.8903,0.8488,0.0718,35.827,227.7056,7.1023,88.8424,288.5308
2028-07-21,270.04518,443.8257,0.2294,339582.75,1201.38,3607.75,320514.4525,89.61,17678.5635,273237.847,258692.8666,246225.7405,18727.89,19099.6245,34.5824,98.6645,0.8593,0.0721,35.9606,254.2162,7.1185,91.6246,283.6414
2028-07-28,276.63611,454.658,0.1937,339582.75,1201.38,3607.75,320514.4525,89.61,17678.5635,273237.847,258692.8666,246225.7405,18727.89,19099.6245,31.9446,98.0289,0.8532,0.0729,35.7415,255.3003,7.1478,79.9402,259.5267
2028-08-04,274.17481,450.6128,0.2238,339582.75,1201.38,3607.75,320514.4525,89.61,17678.5635,273237.847,258692.8666,246225.7405,18727.89,19099.6245,31.9332,98.6309,0.8539,0.0723,35.6524,266.7062,7.1357,83.4489,264.2248
2028-08-11,285.70086,469.5561,0.2134,339582.75,1201.38,3607.75,320514.4525,89.61,17678.5635,273237.847,258692.8666,246225.7405,18727.89,19099.6245,29.2416,98.3792,0.845,0.0726,36.8842,267.3758,7.1427,80.4784,267.1591
2028-08-18,287.07763,471.8189,0.2272,339582.75,1201.38,3607.75,320514.4525,89.61,17678.5635,273237.847,258692.8666,246225.7405,18727.89,19099.6245,29.2666,97.4453,0.836,0.0732,36.5965,259.7843,7.1348,81.2117,275.1544
2028-08-25,282.07454,463.5962,0.2237,339582.75,1201.38,3607.75,320514.4525,89.61,17678.5635,273237.847,258692.8666,246225.7405,18727.89,19099.6245,23.6228,97.6551,0.8384,0.0725,35.8561,266.5525,7.0817,69.5192,281.6229
2028-09-01,284.07694,466.8872,0.258,339582.75,1201.38,3607.75,320514.4525,89.61,17678.5635,273237.847,258692.8666,246225.7405,18727.89,19099.6245,23.8868,97.417,0.8332,0.0728,35.5788,261.7154,7.0887,71.335,281.6879
2028-09-08,290.9015,478.1035,0.245,339582.75,1201.38,3607.75,320514.4525,89.61,17678.5635,273237.847,258692.8666,246225.7405,18727.89,19099.6245,24.7907,99.0556,0.8245,0.072,35.3889,260.1494,7.1296,65.7466,263.9645
2028-09-15,291.44714,479.0003,0.2131,339582.75,1201.38,3607.75,320514.4525,89.61,17678.5635,273237.847,258692.8666,246225.7405,18727.89,19099.6245,23.7543,97.2053,0.82,0.0734,35.7505,242.5483,7.1371,65.5828,272.6114
2028-09-22,287.47049,472.4646,0.2185,339582.75,1201.38,3607.75,320514.4525,89.61,17678.5635,273237.847,258692.8666,246225.7405,18727.89,19099.6245,21.7433,97.1781,0.8297,0.0733,34.964,217.4718,7.1186,56.9747,240.246
2028-09-29,288.28061,473.796,0.2414,339582.75,1201.38,3607.75,320514.4525,89.61,17678.5635,273237.847,258692.8666,246225.7405,18727.89,19099.6245,23.6684,96.3893,0.8164,0.0742,34.6,216.5805,7.1568,71.4788,257.0248
2028-10-06,282.2835,463.9396,0.2098,339582.75,1201.38,3607.75,320514.4525,89.61,17678.5635,273237.847,258692.8666,246225.7405,18727.89,19099.6245,23.7262,95.8629,0.8202,0.0747,34.001,238.3018,7.1625,67.3987,259.6879
2028-10-13,284.79919,468.0742,0.2485,339582.75,1201.38,3607.75,320514.4525,89.61,17678.5635,273237.847,258692.8666,246225.7405,18727.89,19099.6245,24.9562,96.6757,0.8165,0.0738,33.6215,241.5353,7.133,59.4358,272.7034
2028-10-20,284.90672,468.251,0.2537,339582.75,1201.38,3607.75,320514.4525,89.61,17678.5635,273237.847,258692.8666,246225.7405,18727.89,19099.6245,24.3672,96.5003,0.8275,0.0749,34.1092,246.833,7.2234,53.5915,287.1391
2028-10-27,277.15519,455.5111,0.192,339582.75,1201.38,3607.75,320514.4525,89.61,17678.5635,273237.847,258692.8666,246225.7405,18727.89,19099.6245,25.7552,96.9192,0.8204,0.0744,34.4283,253.4566,7.2145,48.7021,267.426
2028-11-03,275.93889,453.5121,0.2407,339582.75,1201.38,3607.75,320514.4525,89.61,17678.5635,273237.847,258692.8666,246225.7405,18727.89,19099.6245,25.3372,96.7249,0.8229,0.0743,35.1626,264.0327,7.19,47.4095,271.6681
2028-11-10,278.3331,457.4471,0.2556,339582.75,1201.38,3607.75,320514.4525,89.61,17678.5635,273237.847,258692.8666,246225.7405,18727.89,19099.6245,27.0657,97.2446,0.8144,0.0739,35.6234,268.1679,7.1912,46.6944,270.3862
2028-11-17,281.12286,462.0321,0.2637,339582.75,1201.38,3607.75,320514.4525,89.61,17678.5635,273237.847,258692.8666,246225.7405,18727.89,19099.6245,29.6719,97.2605,0.8169,0.0751,37.2257,271.2646,7.3009,51.1384,245.2041
2028-11-24,282.98003,465.0844,0.2179,339582.75,1201.38,3607.75,320514.4525,89.61,17678.5635,273237.847,258692.8666,246225.7405,18727.89,19099.6245,28.3342,97.6006,0.8149,0.0744,37.2079,282.1527,7.2616,62.905,239.5217
2028-12-01,284.19307,467.0781,0.2294,339582.75,1201.38,3607.75,320514.4525,89.61,17678.5635,273237.847,258692.8666,246225.7405,18727.89,19099.6245,25.9294,97.9179,0.8247,0.0742,36.6275,280.381,7.2622,55.4449,248.3126
2028-12-08,295.46116,485.5974,0.2051,339582.75,1201.38,3607.75,320514.4525,89.61,17678.5635,273237.847,258692.8666,246225.7405,18727.89,19099.6245,25.0712,97.3354,0.818,0.0748,34.7,288.341,7.2765,42.1903,269.2557
2028-12-15,289.91124,476.476,0.2081,339582.75,1201.38,3607.75,320514.4525,89.61,17678.5635,273237.847,258692.8666,246225.7405,18727.89,19099.6245,24.3098,96.5027,0.8261,0.0754,34.4724,313.9393,7.2799,40.7248,264.5677
2028-12-22,281.00225,461.8339,0.2187,339582.75,1201.38,3607.75,320514.4525,89.61,17678.5635,273237.847,258692.8666,246225.7405,18727.89,19099.6245,23.7645,96.5495,0.8352,0.075,33.2309,320.8057,7.2453,44.5132,257.4187
2028-12-29,284.57334,467.703,0.1851,339582.75,1201.38,3607.75,320514.4525,89.61,17678.5635,273237.847,258692.8666,246225.7405,18727.89,19099.6245,22.267,97.102,0.8303,0.0749,33.0851,330.3593,7.2748,38.4708,272.9874
2029-01-05,283.21823,465.4759,0.147,339582.75,1201.38,3607.75,320514.4525,89.61,17678.5635,273237.847,258692.8666,246225.7405,18727.89,19099.6245,23.1871,96.4378,0.8328,0.0762,31.9301,341.8193,7.346,50.4003,284.3693
2029-01-12,290.00744,476.6341,0.1746,339582.75,1201.38,3607.75,320514.4525,89.61,17678.5635,273237.847,258692.8666,246225.7405,18727.89,19099.6245,18.9582,95.8785,0.8342,0.0767,32.2057,334.0331,7.352,48.2253,269.0229
2029-01-19,291.54916,479.1679,0.168,339582.75,1201.38,3607.75,320514.4525,89.61,17678.5635,273237.847,258692.8666,246225.7405,18727.89,19099.6245,18.8185,95.737,0.8268,0.077,31.5259,330.4784,7.3677,55.8558,257.2921
2029-01-26,289.43648,475.6957,0.1323,339582.75,1201.38,3607.75,320514.4525,89.61,17678.5635,273237.847,258692.8666,246225.7405,18727.89,19099.6245,15.7209,96.3559,0.833,0.0767,31.2983,331.5439,7.3899,43.445,249.848
2029-02-02,286.42654,470.7488,0.1382,339582.75,1201.38,3607.75,320514.4525,89.61,17678.5635,273237.847,258692.8666,246225.7405,18727.89,19099.6245,16.275,96.3315,0.8195,0.0764,32.2548,320.2039,7.3551,44.8684,266.3144
2029-02-09,284.45022,467.5007,0.2022,339582.75,1201.38,3607.75,320514.4525,89.61,17678.5635,273237.847,258692.8666,246225.7405,18727.89,19099.6245,15.9225,96.4389,0.8227,0.0759,33.8004,318.9634,7.3197,36.6015,265.4644
2029-02-16,281.48512,462.6275,0.1734,339582.75,1201.38,3607.75,320514.4525,89.61,17678.5635,273237.847,258692.8666,246225.7405,18727.89,19099.6245,16.6716,97.8953,0.8228,0.0754,33.1714,316.22,7.3784,32.9899,253.944
2029-02-23,280.45638,460.9367,0.2015,339582.75,1201.38,3607.75,320514.4525,89.61,17678.5635,273237.847,258692.8666,246225.7405,18727.89,19099.6245,14.9757,97.9635,0.8199,0.0753,33.613,321.0289,7.377,32.6673,243.7794
2029-03-02,288.46704,474.1024,0.2338,339582.75,1201.38,3607.75,320514.4525,89.61,17678.5635,273237.847,258692.8666,246225.7405,18727.89,19099.6245,15.3118,97.4291,0.8164,0.0751,34.6256,322.7692,7.3155,37.8706,234.9032
2029-03-09,288.00901,473.3496,0.2463,339582.75,1201.38,3607.75,320514.4525,89.61,17678.5635,273237.847,258692.8666,246225.7405,18727.89,19099.6245,16.2071,97.2936,0.8064,0.0755,34.7316,338.1785,7.3435,43.3039,229.3926
2029-03-16,289.18212,475.2777,0.2571,339582.75,1201.38,3607.75,320514.4525,89.61,17678.5635,273237.847,258692.8666,246225.7405,18727.89,19099.6245,15.8098,97.0084,0.7987,0.0752,35.1142,372.9452,7.298,43.4724,248.1156
2029-03-23,284.94746,468.3179,0.2715,339582.75,1201.38,3607.75,320514.4525,89.61,17678.5635,273237.847,258692.8666,246225.7405,18727.89,19099.6245,17.217,98.026,0.7892,0.0743,34.884,373.5357,7.2867,57.9987,251.226
2029-03-30,290.97337,478.2216,0.2666,339582.75,1201.38,3607.75,320514.4525,89.61,17678.5635,273237.847,258692.8666,246225.7405,18727.89,19099.6245,17.434,98.9716,0.7812,0.0736,35.9267,397.6267,7.2817,41.2318,242.8904
2029-04-06,284.98771,468.3841,0.2999,339582.75,1201.38,3607.75,320514.4525,89.61,17678.5635,273237.847,258692.8666,246225.7405,18727.89,19099.6245,18.155,98.3685,0.7768,0.0732,35.5481,385.3332,7.1962,46.618,260.46
2029-04-13,287.73067,472.8922,0.2861,339582.75,1201.38,3607.75,320514.4525,89.61,17678.5635,273237.847,258692.8666,246225.7405,18727.89,19099.6245,18.7075,98.3515,0.7698,0.0737,35.8477,364.3855,7.246,43.2616,263.3909
2029-04-20,290.1712,476.9032,0.301,339582.75,1201.38,3607.75,320514.4525,89.61,17678.5635,273237.847,258692.8666,246225.7405,18727.89,19099.6245,18.0142,98.9103,0.7805,0.0733,36.798,332.4226,7.2513,51.0432,244.8187
