date,actual,hybrid_prediction,real_price,regime_probability,simn,mn_ore,chn_electricity,met_coal,dry_bulk_freight,steel_etf,usd_inr,pick,market_price
2016-01-01,100.0,99.45746048102413,86.49833091843226,0.5,100.0,447.4,1165.37,100.0,100.0,12.499284744262695,66.7239990234375,10.1469087600708,
2016-01-08,99.1804233793285,99.38408708565582,86.70179742870721,0.5,100.0,447.4,1165.37,100.0,100.0,11.987078666687012,66.93599700927734,9.837388038635254,
2016-01-15,98.29254603649349,98.59152176469415,87.0495692757775,0.5,100.0,447.4,1165.37,100.0,100.0,11.4321870803833,67.9489974975586,9.352921485900879,
2016-01-22,99.12350941711905,99.4333868302929,87.50156748606737,0.5,100.0,447.4,1165.37,100.0,100.0,11.951509475708008,68.19599914550781,9.823930740356445,
2016-01-29,101.2862857600647,101.2044756000678,88.01771308600102,0.5,100.0,447.4,1165.37,100.0,100.0,13.303167343139648,67.927001953125,10.45643138885498,
2016-02-05,99.1804233793285,99.24739489306005,88.74028231883392,0.5,100.0,447.4,1165.37,100.0,100.0,11.987078666687012,67.89299774169922,9.487494468688965,
2016-02-12,101.36596408638495,101.35593954299833,89.7109141558715,0.5,100.0,447.4,1165.37,100.0,100.0,13.3529634475708,68.35600280761719,10.806324005126953,
2016-02-19,101.37734779440657,101.10658738543378,90.73857371561309,0.5,100.0,447.4,1165.37,100.0,100.0,13.360077857971191,68.3759994506836,10.873611450195312,
2016-02-26,105.56630513983573,105.36051286781284,91.63222611655782,0.5,100.0,447.4,1165.37,100.0,100.0,15.978026390075684,67.38800048828125,12.367387771606445,
2016-03-04,106.7046133773829,107.05791592521996,92.32117221632566,0.5,100.0,447.4,1165.37,100.0,100.0,16.689428329467773,67.1449966430664,12.380845069885254,
2016-03-11,108.27547047446105,108.21307735497705,92.9265131698569,0.5,100.0,447.4,1165.37,100.0,100.0,17.671157836914062,66.83000183105469,13.147921562194824,
2016-03-18,107.78599544499082,107.8034930891576,93.54491454163146,0.5,100.0,447.4,1165.37,100.0,100.0,17.365253448486328,66.9020004272461,12.596165657043457,
2016-03-25,108.4462138870556,108.39697412949961,94.27304189612916,0.5,100.0,447.4,1165.37,100.0,100.0,17.77786636352539,66.36799621582031,12.946056365966797,
2016-04-01,107.59248766828546,107.40882767760078,95.3974376636589,0.5,100.0,447.4,1165.37,100.0,100.0,17.24431800842285,66.53299713134766,12.12515640258789,
2016-04-08,112.45287778334422,112.55399783460503,96.81133249133266,0.5,100.0,447.4,1169.34,100.0,100.0,20.239307403564453,66.5250015258789,14.08994197845459,
2016-04-15,114.29601443609825,114.307503472086,98.02142426883495,0.5,100.0,447.4,1202.45,100.0,100.0,21.03607749938965,66.2040023803711,14.924299240112305,
2016-04-22,113.23216828461307,113.2967789394897,98.53441088585026,0.5,100.0,447.4,1152.4,100.0,100.0,20.90802764892578,66.3550033569336,14.762812614440918,
2016-04-29,108.71619521833749,108.55381064783184,97.57808703671364,0.5,100.0,447.4,1045.13,100.0,100.0,19.23624038696289,66.62000274658203,13.578558921813965,
2016-05-06,106.8785745987238,106.88943982285542,95.47417456861304,0.5,100.0,447.4,1028.26,100.0,100.0,18.268733978271484,66.59100341796875,13.067173957824707,
2016-05-13,105.29626027488465,105.20077060595531,93.37026210051246,0.5,100.0,447.4,1020.96,100.0,100.0,17.35814094543457,67.16000366210938,12.771110534667969,
2016-05-20,106.24018666660302,106.25934065940936,92.41393825137582,0.5,100.0,447.4,1016.93,100.0,100.0,17.99128532409668,67.30400085449219,13.215206146240234,
2016-05-27,105.73734288954807,105.71599708320893,92.5703019382693,0.5,100.0,447.4,983.65,100.0,100.0,18.033973693847656,67.4260025024414,12.824942588806152,
2016-06-03,108.22585269053708,108.26061677558461,92.95999928572954,0.5,100.0,447.4,1002.63,100.0,100.0,19.385631561279297,66.51000213623047,13.618929862976074,
2016-06-10,107.05421703536237,107.05022446426231,93.46393972392629,0.5,100.0,447.4,976.81,100.0,100.0,18.930335998535156,67.072998046875,13.02680492401123,
2016-06-17,108.04591690028737,108.04051951663882,93.96303268302928,0.5,100.0,447.4,944.39,100.0,100.0,19.897836685180664,67.4219970703125,14.049567222595215,
2016-06-24,107.85116987939006,107.86887684435551,94.44319405669356,0.5,100.0,447.4,956.92,100.0,100.0,19.641735076904297,67.41600036621094,13.605365753173828,
2016-07-01,107.84751097300398,107.81870283020012,94.97224563445064,0.5,100.0,447.4,955.38,100.0,100.0,19.65596580505371,67.4010009765625,13.4432373046875,
2016-07-08,111.14835841201862,111.19920233987547,95.55395569028512,0.5,100.0,447.4,917.56,100.0,100.0,22.12451934814453,67.00599670410156,15.078041076660156,
2016-07-15,110.58550072255649,110.60353577511907,96.19209249818157,0.5,100.0,447.4,957.06,100.0,100.0,21.349092483520508,67.16400146484375,14.416013717651367,
2016-07-22,113.26540813905217,113.23168849645164,97.08789109378066,0.5,100.0,447.4,976.58,100.0,100.0,22.8145751953125,67.06300354003906,15.037510871887207,
2016-07-29,113.20392522484336,113.21168665558915,98.19075984626637,0.5,100.0,447.4,981.62,100.0,100.0,22.72209358215332,66.76000213623047,15.078041076660156,
2016-08-05,113.19958319948694,113.1969867834959,99.12672702993818,0.5,100.0,447.4,986.01,100.0,100.0,22.67229461669922,66.75800323486328,15.442834854125977,
2016-08-12,114.4210873089917,114.43212216885985,99.52182091909556,0.5,100.0,447.4,1039.94,100.0,100.0,22.85725975036621,66.90550231933594,15.64549732208252,
2016-08-19,112.44077074371097,112.43703499699188,99.01277329141581,0.5,100.0,447.4,1032.0,100.0,100.0,21.70479393005371,67.16000366210938,15.05102252960205,
2016-08-26,111.3032240885163,111.30411875359158,97.89286851052034,0.5,100.0,447.4,1002.86,100.0,100.0,21.306411743164062,66.97470092773438,14.699742317199707,
2016-09-02,112.18297238643153,112.18696848546855,96.7729637296249,0.5,100.0,447.4,1003.05,100.0,100.0,21.854185104370117,66.47160339355469,15.145594596862793,
2016-09-09,110.68388496639699,110.68611994936929,96.26391610194514,0.5,100.0,447.4,1069.58,100.0,100.0,20.2037353515625,66.75810241699219,14.55112075805664,
2016-09-16,112.05002307152816,112.04305585181282,96.36650190830181,0.5,100.0,447.4,1029.13,100.0,100.0,21.49137306213379,66.76119995117188,15.496875762939453,
2016-09-23,112.83832523573152,112.84712847333874,96.64624289288167,0.5,100.0,447.4,1033.94,100.0,100.0,21.932443618774414,66.33280181884766,15.78060245513916,
2016-09-30,112.38504942783081,112.38817989024177,97.06111440394942,0.5,100.0,447.4,993.6,100.0,100.0,22.081832885742188,66.56320190429688,15.686026573181152,
2016-10-07,112.17590754771304,112.1868362986249,97.56909178976979,0.5,100.0,447.4,1021.21,100.0,100.0,21.654993057250977,66.81809997558594,15.334748268127441,
2016-10-14,114.44645217079878,114.44177890253059,98.56055592167665,0.5,100.0,447.4,1017.54,100.0,100.0,23.113365173339844,66.63639831542969,15.902198791503906,
2016-10-21,115.21618795031071,115.21112243891126,100.19707409342976,0.5,100.0,447.4,1039.84,100.0,100.0,23.355241775512695,66.86399841308594,16.1048641204834,
2016-10-28,114.57448888853709,114.57405792099559,102.0934012869326,0.5,100.0,447.4,998.47,100.0,100.0,23.397920608520508,66.77749633789062,16.091350555419922,
2016-11-04,119.3589854181883,119.42518029471601,103.86429248408868,0.5,100.0,447.4,974.14,100.0,100.0,26.64901351928711,66.50749969482422,17.901796340942383,
2016-11-11,119.24478051750872,119.25858354683506,105.74400740195738,0.5,100.0,447.4,988.71,100.0,100.0,26.421367645263672,67.98149871826172,17.496475219726562,
2016-11-18,123.50775055283111,123.51557646976015,107.82569457043284,0.5,100.0,447.4,1012.92,100.0,100.0,28.825904846191406,68.79850006103516,18.46925163269043,
2016-11-25,122.32801647804604,122.31759498949185,109.51244219067064,0.5,100.0,447.4,1009.18,100.0,100.0,28.128726959228516,68.58799743652344,18.20578956604004,
2016-12-02,126.70258674499068,126.71853772902294,110.20733846382645,0.5,100.0,447.4,1039.23,100.0,100.0,30.540372848510742,67.43150329589844,19.40825080871582,
2016-12-09,123.98050523606297,124.00690925624038,109.76464824334836,0.5,100.0,447.4,1047.1,100.0,100.0,28.754758834838867,67.81999969482422,18.124725341796875,
2016-12-16,121.42914037942808,121.42506425078052,108.79072975829659,0.5,100.0,447.4,1029.1,100.0,100.0,27.353307723999023,67.82550048828125,17.361364364624023,
2016-12-23,121.65108230596846,121.65158785262639,107.81681127324481,0.5,100.0,447.4,1009.09,100.0,100.0,27.706632614135742,68.20500183105469,17.688764572143555,
2016-12-30,123.45724775005917,123.46084933547067,107.37412105276674,0.5,100.0,447.4,1027.22,100.0,100.0,28.640966415405273,67.885498046875,18.35626220703125,
2017-01-06,124.78459174574286,124.77365571375522,107.65070695520626,0.5,100.0,447.4,1019.46,100.0,100.0,29.553739547729492,68.13999938964844,19.255348205566406,
2017-01-13,125.11462060308804,125.1165901309137,108.305514055399,0.5,100.0,447.4,1039.36,100.0,100.0,29.54655647277832,68.197998046875,19.466489791870117,
2017-01-20,126.56502039659283,126.5732140575311,109.07611644265619,0.5,100.0,447.4,1036.09,100.0,100.0,30.48807716369629,67.9729995727539,20.229352951049805,
2017-01-27,126.1364276086648,126.13529153331795,109.70008820628914,0.5,100.0,447.4,1032.56,100.0,100.0,30.25808334350586,67.39540100097656,20.338333129882812,
2017-02-03,125.71013082615065,125.7050556568191,110.20117409723274,0.5,100.0,447.4,1009.73,100.0,100.0,30.236528396606445,66.96430206298828,19.875165939331055,
2017-02-10,129.4305440616469,129.4091100326056,110.70142756457336,0.5,100.0,447.4,1065.02,100.0,100.0,31.96863555908203,66.8655014038086,20.65164566040039,
2017-02-17,128.5155816018667,128.5048814558467,111.08588574484952,0.25248667346041853,100.0,447.4,1106.19,100.0,100.0,30.955244064331055,66.91429901123047,20.07269287109375,
2017-02-24,127.90124583406681,127.90543573072756,111.23958577459969,0.2663095115016219,100.0,447.4,1111.94,100.0,100.0,30.509634017944336,66.85800170898438,19.684452056884766,
2017-03-03,125.13965291550743,125.18270847594167,111.00410760846755,0.39165800720421545,100.0,447.4,1118.55,100.0,100.0,28.712841033935547,66.76499938964844,18.594654083251953,
2017-03-10,128.22707579631077,128.21990201151536,110.4218250476504,0.5106009669036109,100.0,447.4,1095.41,100.0,100.0,30.890560150146484,65.62049865722656,19.963714599609375,
2017-03-17,125.67723397747123,125.70506903193522,109.67896599851703,0.580464819093977,100.0,447.4,1121.06,100.0,100.0,29.021888732910156,65.36499786376953,19.262155532836914,
2017-03-24,125.28868903790413,125.28634554800274,108.96175836743627,0.5800561582644914,100.0,447.4,1097.75,100.0,100.0,29.029075622558594,64.77999877929688,19.22809600830078,
2017-03-31,124.19879699480518,124.19121928376754,108.18629360255593,0.5874966812012198,100.0,447.4,1080.48,100.0,100.0,28.53316307067871,65.04000091552734,19.098690032958984,
2017-04-07,121.57448443460838,121.55982432904615,107.29064893902319,0.39994411156644616,100.0,447.4,1098.44,100.0,100.0,26.700429916381836,64.5,18.342641830444336,
2017-04-14,122.56053424146988,122.55696026866285,106.49403096370601,0.4544129715498902,100.0,447.4,1115.02,100.0,100.0,27.138845443725586,64.64669799804688,18.390321731567383,
2017-04-21,121.88180733176866,121.89884864440388,106.01564626347235,0.45581275776250335,100.0,447.4,1063.41,100.0,100.0,27.268213272094727,64.0199966430664,18.431188583374023,
2017-04-28,119.85177364049594,119.85203450245588,105.82567892117078,0.4320589835422719,100.0,447.4,1061.72,100.0,100.0,26.017641067504883,64.20999908447266,17.709196090698242,
2017-05-05,119.71591881645251,119.69339137788552,105.70599835688998,0.201269876482767,100.0,447.4,1027.67,100.0,100.0,26.297943115234375,64.55000305175781,17.933963775634766,
2017-05-12,119.58806477676255,119.61183903162724,105.59333916335812,0.17897892457660267,100.0,447.4,1089.91,100.0,100.0,25.550477981567383,64.2300033569336,17.899913787841797,
2017-05-19,121.22673875935517,121.21906352688293,105.42443593330339,0.27430971721245,100.0,447.4,1094.93,100.0,100.0,26.520748138427734,64.76010131835938,18.38350486755371,
2017-05-26,120.8226988971652,120.82262290843224,105.0417362524772,0.2718042987912854,100.0,447.4,1088.14,100.0,100.0,26.341064453125,64.5000991821289,18.063379287719727,
2017-06-02,121.65858977262712,121.66732550258409,104.48334478728839,0.194141584992694,100.0,447.4,1096.64,100.0,100.0,26.77229881286621,64.41829681396484,18.301773071289062,
2017-06-09,119.3144891744235,119.27600731967783,103.9794817514513,0.2647661518662743,100.0,447.4,1078.66,100.0,100.0,25.500165939331055,64.16580200195312,17.620649337768555,
2017-06-16,119.26512268306645,119.3056851675436,103.7603673586802,0.27233309895749713,100.0,447.4,1052.33,100.0,100.0,25.751718521118164,64.5416030883789,17.355010986328125,
2017-06-23,122.07816255468899,122.07665158955655,104.50274282028184,0.3627540306107976,100.0,447.4,1065.47,100.0,100.0,27.368833541870117,64.51190185546875,18.53813934326172,
2017-06-30,122.20751520257296,122.21527081237245,106.13596883580544,0.3589381519217848,100.0,447.4,1024.09,100.0,100.0,27.89349937438965,64.79139709472656,18.987422943115234,
2017-07-07,123.94458878771333,123.93241526698105,107.76919485132906,0.3879140629700039,100.0,447.4,1012.06,100.0,100.0,29.108137130737305,64.36499786376953,19.83069610595703,
2017-07-14,124.76965746997425,124.76871058135535,108.5115703129307,0.36455013379399437,100.0,447.4,1023.95,100.0,100.0,29.496248245239258,64.26329803466797,20.17629623413086,
2017-07-21,124.67851014652472,124.67744478909735,108.092602074469,0.35880821439382443,100.0,447.4,1023.33,100.0,100.0,29.445934295654297,64.3447036743164,20.77073097229004,
2017-07-28,123.17362937373375,123.19348015283994,107.1708719498533,0.42195449843612054,100.0,447.4,985.9,100.0,100.0,28.906896591186523,63.64059829711914,20.81911849975586,
2017-08-04,123.39493283051743,123.36799464945358,106.24914182523757,0.27528605761794056,100.0,447.4,963.95,100.0,100.0,29.280630111694336,63.887699127197266,20.846765518188477,
2017-08-11,121.65660722045035,121.68558855930183,105.83017358677587,0.3659271158322234,100.0,447.4,928.33,100.0,100.0,28.576284408569336,64.1604995727539,20.77073097229004,
2017-08-18,124.03728071054918,124.02598398668256,106.30349234289758,0.3232073712415695,100.0,447.4,941.74,100.0,100.0,29.920289993286133,64.00499725341797,21.544883728027344,
2017-08-25,125.10682026957483,125.10965551566979,107.34479360636537,0.3391756757522106,100.0,447.4,933.7,100.0,100.0,30.67494773864746,63.976200103759766,22.18079376220703,
2017-09-01,126.68814202812987,126.67807380550852,108.38609486983314,0.330746569350034,100.0,447.4,942.75,100.0,100.0,31.566150665283203,64.0154037475586,22.63007926940918,
2017-09-08,125.15282493246319,125.16866757695696,108.85941362595487,0.382723707905824,100.0,447.4,930.35,100.0,100.0,30.7396297454834,64.11509704589844,21.84210777282715,
2017-09-15,124.79870729203364,124.79749107093583,108.85192810842531,0.38364548974187557,100.0,447.4,937.19,100.0,100.0,30.444955825805664,64.28369903564453,21.544883728027344,
2017-09-22,123.7597805916486,123.76383838801436,108.83545996986027,0.3585530607970262,100.0,447.4,920.88,100.0,100.0,29.970598220825195,65.5250015258789,21.213106155395508,
2017-09-29,125.39999015906496,125.40375538298485,108.81899183129524,0.4001147193018596,100.0,447.4,929.34,100.0,100.0,30.904932022094727,65.01950073242188,22.014907836914062,
2017-10-06,125.11742352362072,125.11358281915624,108.81150631376568,0.3188341814971592,100.0,447.4,948.39,100.0,100.0,30.524015426635742,65.20539855957031,21.89739990234375,
2017-10-13,126.54293071500148,126.54600745068433,108.81410691670602,0.25803578287097956,100.0,447.4,946.35,100.0,100.0,31.436786651611328,65.04010009765625,22.249914169311523,
2017-10-20,126.35138083287418,126.3564429695356,108.81982824317478,0.24877782808056562,100.0,447.4,944.57,100.0,100.0,31.336166381835938,64.83999633789062,22.0909366607666,
2017-10-27,126.6097623478282,126.60828363272942,108.82554956964353,0.20898086962472465,100.0,447.4,991.12,100.0,100.0,30.998369216918945,64.55509948730469,22.471101760864258,
2017-11-03,125.14717080205746,125.13272025120938,108.82815017258386,0.2135833912751618,100.0,447.4,992.34,100.0,100.0,30.071216583251953,64.9104995727539,22.332857131958008,
2017-11-10,123.9478573562686,123.93778416936686,108.8170397318317,0.24545105876361792,100.0,447.4,1009.57,100.0,100.0,29.136886596679688,65.41339874267578,21.53797149658203,
2017-11-17,125.1045054323312,125.09991251099189,108.79259676217697,0.25579308535823897,100.0,447.4,967.07,100.0,100.0,30.315587997436523,64.7699966430664,22.070201873779297,
2017-11-24,124.98233995805388,124.98160803335166,108.7681537925222,0.21362936119707637,100.0,447.4,947.89,100.0,100.0,30.444955825805664,64.41480255126953,21.793716430664062,
2017-12-01,125.05824929528467,125.05096024791301,108.75704335177005,0.22044948227223,100.0,447.4,925.51,100.0,100.0,30.73243522644043,64.51519775390625,21.710777282714844,
2017-12-08,124.93957403713529,124.94353971439881,109.73134037723848,0.1744962412973258,100.0,447.4,891.12,100.0,100.0,31.02712059020996,64.31999969482422,22.305212020874023,
2017-12-15,127.48847567096715,127.43462842842783,111.92067409607299,0.32502880500529485,100.0,447.4,896.24,100.0,100.0,32.56517791748047,63.96500015258789,23.390403747558594,
2017-12-22,129.86792900037557,129.9669581746247,114.22470847191734,0.4358836433348651,100.0,447.4,903.65,100.0,100.0,33.972774505615234,64.11499786376953,24.303627014160156,
2017-12-29,132.85608663214413,132.8537085383904,115.54310746841534,0.45571424751587297,100.0,447.4,895.73,100.0,100.0,35.92521286010742,63.41910171508789,25.235116958618164,
2018-01-05,135.746306030575,135.70560695966185,115.9669783296729,0.36174743113665503,100.0,447.4,906.67,100.0,100.0,37.614158630371094,63.7599983215332,26.188180923461914,
2018-01-12,134.63733782091242,134.6426606013338,116.3030508079883,0.5434111332460531,100.0,447.4,895.0,100.0,100.0,37.046260833740234,63.82500076293945,26.01999282836914,
2018-01-19,135.14930669504278,135.1595729702723,116.52442262929384,0.5165131637987987,100.0,447.4,902.14,100.0,100.0,37.289642333984375,63.57789993286133,26.118106842041016,
2018-01-26,134.07735446254588,134.07376358407083,116.60419151952183,0.6278964198734875,100.0,447.4,906.38,100.0,100.0,36.57423400878906,63.665000915527344,25.92889404296875,
2018-02-02,128.60387317547858,128.58004406247696,116.5479416574736,0.96259886561099,100.0,447.4,881.07,100.0,100.0,33.42496871948242,64.19999694824219,23.427108764648438,
2018-02-09,133.19951823062092,133.17166048688742,116.39354707247166,0.9679704756321914,100.0,447.4,820.16,100.0,100.0,36.95037841796875,64.02519989013672,25.788738250732422,
2018-02-16,133.4214208567974,133.43302791196348,116.16254026623015,0.9480500623267041,100.0,447.4,821.4,100.0,100.0,37.07575988769531,64.8949966430664,25.284175872802734,
2018-02-23,133.240837817218,133.23699655477958,115.87645374046323,0.9140337411399891,100.0,447.4,845.26,100.0,100.0,36.70698928833008,65.23999786376953,24.39417839050293,
2018-03-02,131.97934643983297,131.97018487438743,115.0972144861516,0.8684070970760563,100.0,447.4,860.46,100.0,100.0,35.75557327270508,64.89119720458984,24.211973190307617,
2018-03-09,131.09982264823006,131.1045308707859,113.78127167711173,0.8600279687197001,100.0,447.4,879.35,100.0,100.0,35.0032958984375,64.83679962158203,24.35213279724121,
2018-03-16,128.23038704234537,128.23535728390348,112.54194108931145,0.8734305826076328,100.0,447.4,864.12,100.0,100.0,33.37335205078125,65.06559753417969,23.581274032592773,
2018-03-23,128.77273726402763,128.77119539346307,111.9925384987185,0.8741582855237239,100.0,447.4,858.59,100.0,100.0,33.77161407470703,65.14920043945312,23.490175247192383,
2018-03-30,130.07846598437192,130.0800893806151,112.548576074637,0.6912002990044521,100.0,447.4,871.41,100.0,100.0,34.45014572143555,64.99500274658203,23.60930824279785,
2018-04-06,130.57891148619854,130.57684789993272,113.82027194822031,0.328383836472343,100.0,447.4,874.44,100.0,100.0,34.73040771484375,65.19000244140625,23.889623641967773,
2018-04-13,133.65262672358023,133.70356853121461,115.21300083821008,0.5267910311995654,100.0,447.4,876.13,100.0,100.0,36.633243560791016,66.01000213623047,25.235116958618164,
2018-04-20,133.56061458382004,133.53098666411975,116.132137463348,0.529078259852924,100.0,447.4,873.52,100.0,100.0,36.60373306274414,66.90769958496094,24.422212600708008,
2018-04-27,132.93765579086198,132.93267061237805,116.60194489841874,0.5091852674406315,100.0,447.4,910.11,100.0,100.0,35.821956634521484,67.08000183105469,24.232995986938477,
2018-05-04,135.21326827941004,135.18361338424558,117.0061495702607,0.5443882125640617,100.0,447.4,934.06,100.0,100.0,36.98725509643555,67.62000274658203,25.115985870361328,
2018-05-11,136.9515728247087,136.96224979326723,117.28932122569621,0.2979266034575995,100.0,447.4,941.83,100.0,100.0,37.99029541015625,68.05999755859375,25.704641342163086,
2018-05-18,134.98950051184713,134.98423439788667,117.39602961154753,0.4545876019862823,100.0,447.4,976.72,100.0,100.0,36.389854431152344,68.6500015258789,24.870712280273438,
2018-05-25,134.0470815682603,134.0878591292468,116.87070151009073,0.4895006033393895,100.0,447.4,1025.64,100.0,100.0,35.276180267333984,67.43000030517578,24.289064407348633,
2018-06-01,135.00491260474007,135.00228841867306,115.68089870632933,0.48841897839922443,100.0,447.4,1009.25,100.0,100.0,36.05058288574219,66.8301010131836,25.375276565551758,
2018-06-08,134.11995299694976,134.10722160854158,114.40589345117685,0.36502657726191734,100.0,447.4,973.5,100.0,100.0,35.88095474243164,67.77999877929688,24.793622970581055,
2018-06-15,130.7780087514336,130.6481830286043,113.62495799554678,0.5462648462398765,100.0,447.4,953.43,100.0,100.0,34.00762176513672,68.3499984741211,22.894512176513672,
2018-06-22,129.13032866188115,129.13903875771027,113.36422532863193,0.5694086044810693,100.0,447.4,922.06,100.0,100.0,33.3143424987793,69.23999786376953,22.912343978881836,
2018-06-29,128.91791751774554,128.91815181448024,113.20114702422052,0.4263419253485005,100.0,447.4,893.18,100.0,100.0,33.49134826660156,68.9800033569336,22.819929122924805,
2018-07-06,129.34541168452574,129.3422659170155,113.04197321011902,0.3338160727846887,100.0,447.4,883.02,100.0,100.0,33.867488861083984,68.72000122070312,22.819929122924805,
2018-07-13,129.70343467989494,129.69152869524567,112.79295401413408,0.3394651076291973,100.0,447.4,910.07,100.0,100.0,33.80111312866211,68.6155014038086,22.514240264892578,
2018-07-20,132.80255912024165,132.7828941963019,112.21521906681097,0.5647652308366412,100.0,447.4,948.31,100.0,100.0,35.32780838012695,68.83999633789062,23.381540298461914,
2018-07-27,131.1797865022926,131.18283669323395,111.32923493529104,0.5665270496869097,100.0,447.4,962.4,100.0,100.0,34.16250991821289,68.30709838867188,22.955001831054688,
2018-08-03,130.0339187652142,130.02929307546668,110.4302571522749,0.5674220707821541,100.0,447.4,934.14,100.0,100.0,33.749488830566406,68.45500183105469,22.926565170288086,
2018-08-10,126.49218094977851,126.2657420464965,109.81354125046323,0.5923303169624434,100.0,447.4,922.37,100.0,100.0,31.662269592285156,70.66000366210938,21.383909225463867,
2018-08-17,126.34944327635907,126.36014532722643,109.44356290267632,0.5674359082701944,100.0,447.4,888.61,100.0,100.0,31.93515968322754,69.79000091552734,21.59718132019043,
2018-08-24,126.40474093673502,126.39982484049709,109.1199269229471,0.5665250124354255,100.0,447.4,854.7,100.0,100.0,32.33342361450195,70.91000366210938,22.137460708618164,
2018-08-31,125.52033953741133,125.50796298598893,108.89058255579518,0.5567514259776389,100.0,447.4,854.74,100.0,100.0,31.780275344848633,71.88999938964844,21.319927215576172,
2018-09-07,125.09942542819822,125.10435291051016,108.80347904574019,0.5419616329829221,100.0,447.4,837.09,100.0,100.0,31.706525802612305,71.92520141601562,21.412342071533203,
2018-09-14,128.58305968914888,128.59268560244902,108.85273371077064,0.6026156923896935,100.0,447.4,832.41,100.0,100.0,33.933868408203125,72.34500122070312,23.004758834838867,
2018-09-21,129.15830275153968,129.15140871192003,108.97364767699702,0.5907573869829805,100.0,447.4,862.49,100.0,100.0,33.97074890136719,72.7699966430664,23.20380973815918,
2018-09-28,128.74656520462514,128.7614438842221,109.12594590112191,0.5754406412387262,100.0,447.4,855.69,100.0,100.0,33.78636169433594,73.8499984741211,22.997650146484375,
2018-10-05,125.65218666258714,125.64002422004135,109.26935333984787,0.5288868454379421,100.0,447.4,836.98,100.0,100.0,32.05316162109375,74.5999984741211,21.59718132019043,
2018-10-12,125.02251539938318,125.03524998786742,109.42505348387778,0.5289559982286699,100.0,447.4,800.29,100.0,100.0,32.05316162109375,73.91999816894531,21.46921730041504,
2018-10-19,122.85860922872592,122.8640619745429,109.60439565967131,0.5825986080197485,100.0,447.4,788.35,100.0,100.0,30.828861236572266,73.22049713134766,20.459735870361328,
2018-10-26,124.77584823253768,124.77737774847026,109.75235357756635,0.6460440337333079,100.0,447.4,773.54,100.0,100.0,32.1859130859375,74.06999969482422,21.66826820373535,
2018-11-02,126.25405215629445,126.26615563359461,109.81390094790073,0.6659077591932718,100.0,447.4,836.98,100.0,100.0,32.42930603027344,72.37999725341797,21.917085647583008,
2018-11-09,125.33368251190359,125.32646052299971,109.40626562550268,0.4488165333004067,100.0,447.4,847.99,100.0,100.0,31.736019134521484,72.4000015258789,21.078222274780273,
2018-11-16,124.284833568476,124.28914790380348,108.42230706638976,0.4271999861582837,100.0,447.4,875.58,100.0,100.0,30.78460693359375,71.29499816894531,20.729881286621094,
2018-11-23,122.2597063774696,122.25083791170248,107.2204463826839,0.4543358105192625,100.0,447.4,873.79,100.0,100.0,29.53817367553711,70.5999984741211,20.21092414855957,
2018-11-30,122.05128437907015,122.06379992482904,106.15910468650696,0.3291217938408414,100.0,447.4,898.09,100.0,100.0,29.14728546142578,70.87000274658203,19.90523338317871,
2018-12-07,120.60835902972153,120.59889463579458,105.14805924591526,0.33704850223679644,100.0,447.4,884.84,100.0,100.0,28.387622833251953,72.1500015258789,20.146942138671875,
2018-12-14,116.50343645732337,116.50579541822536,104.0568503244969,0.5565123364277431,100.0,447.4,896.64,100.0,100.0,25.69563102722168,70.68550109863281,18.952625274658203,
2018-12-21,118.77073253109766,118.77587453430851,103.18354352767152,0.605172676432269,100.0,447.4,880.72,100.0,100.0,27.283361434936523,70.1500015258789,19.6765079498291,
2018-12-28,118.22507805658188,118.23156652841595,102.8262044608587,0.49335605041210606,100.0,447.4,882.53,100.0,100.0,26.92293357849121,69.95999908447266,19.105751037597656,
2019-01-04,122.34203695037029,122.38421544619985,103.81566856879311,0.8401042792209779,100.0,447.4,869.65,100.0,100.0,29.634031295776367,70.55049896240234,20.810705184936523,
2019-01-11,123.33590447843463,123.32814285369541,106.02010377474845,0.8356256816637068,100.0,447.4,912.22,100.0,100.0,29.798574447631836,71.36499786376953,20.971689224243164,
2019-01-18,123.3587663614467,123.3595783919802,108.29357440195285,0.7892330710642125,100.0,447.4,910.63,100.0,100.0,29.82991600036621,71.15730285644531,20.75217056274414,
2019-01-25,125.89422883006895,125.8938944978516,109.49014477363453,0.8199463587065682,100.0,447.4,941.48,100.0,100.0,31.08360481262207,71.12000274658203,21.93758773803711,
2019-02-01,123.95653956464469,123.95427457936388,109.73956677959032,0.8356162263622973,100.0,447.4,930.12,100.0,100.0,29.994461059570312,71.54049682617188,21.476591110229492,
2019-02-08,125.00217472544541,125.00003432124387,109.92931100219785,0.5217687689003568,100.0,447.4,941.37,100.0,100.0,30.52728271484375,70.86509704589844,21.65952491760254,
2019-02-15,126.75382070000191,126.75281743644518,110.05001980355628,0.5055166535187113,100.0,447.4,955.04,100.0,100.0,31.475379943847656,71.30000305175781,22.325408935546875,
2019-02-22,126.57782572136557,126.58630514075367,110.09233554576483,0.49066323137845475,100.0,447.4,952.09,100.0,100.0,31.397029876708984,71.19000244140625,22.39858627319336,
2019-03-01,124.69108975709167,124.6919418106323,109.86538886262397,0.33617978364727563,100.0,447.4,918.13,100.0,100.0,30.582128524780273,70.36499786376953,22.120521545410156,
2019-03-08,125.40414309382395,125.3954055215394,109.33607990309882,0.334067986294322,100.0,447.4,921.69,100.0,100.0,30.989578247070312,69.72630310058594,22.36199951171875,
2019-03-15,126.6082911956342,126.6092298874516,108.73170530203545,0.35639698384972907,100.0,447.4,919.53,100.0,100.0,31.765295028686523,68.82499694824219,22.91811752319336,
2019-03-22,124.5003939355158,124.50194256657741,108.27956169427993,0.331624600041659,100.0,447.4,882.18,100.0,100.0,30.848535537719727,69.37000274658203,22.574199676513672,
2019-03-29,127.28644013099901,127.29930509332141,108.03795711998896,0.41973855218630024,100.0,447.4,872.84,100.0,100.0,32.68989181518555,68.8499984741211,23.723031997680664,
2019-04-05,125.92813952035182,125.92309477402509,107.86071090007717,0.4688106747889427,100.0,447.4,882.09,100.0,100.0,31.741790771484375,69.14019775390625,23.605955123901367,
2019-04-12,125.6859249943586,125.69136855459189,107.66838659052755,0.3809625609321045,100.0,447.4,885.51,100.0,100.0,31.553733825683594,69.4010009765625,23.64254379272461,
2019-04-19,123.48352997147697,123.46938869308023,107.3815477473231,0.48992738922507445,100.0,447.4,877.72,100.0,100.0,30.260868072509766,70.0958023071289,22.793725967407227,
2019-04-26,122.12303059794965,122.11627369480632,106.6066019645013,0.45226279763097527,100.0,447.4,871.5,100.0,100.0,29.477317810058594,69.63289642333984,22.076618194580078,
2019-05-03,122.39122776633414,122.39648145213488,105.37046864440879,0.4306545782106878,100.0,447.4,876.9,100.0,100.0,29.587013244628906,70.01000213623047,21.520496368408203,
2019-05-10,120.71549779723608,120.71653361691273,104.22447905549234,0.36888971274292937,100.0,447.4,822.36,100.0,100.0,29.12471580505371,70.20919799804688,21.454639434814453,
2019-05-17,119.24556127406672,119.25922913724067,103.71996446619868,0.3304310238534793,100.0,447.4,818.53,100.0,100.0,28.24713706970215,69.97250366210938,20.64240837097168,
2019-05-24,118.9546464563004,118.95289179651813,104.20987648759602,0.06049824653856389,100.0,447.4,816.92,100.0,100.0,28.08259391784668,69.81500244140625,20.869251251220703,
2019-05-31,120.17491332189294,120.16510454707695,105.28959103459448,0.14556374623827437,100.0,447.4,869.76,100.0,100.0,28.27847671508789,69.625,20.949737548828125,
2019-06-07,122.13726161917474,122.13886199033848,106.37407583140373,0.30823911479813704,100.0,447.4,859.91,100.0,100.0,29.61052131652832,69.69999694824219,21.959537506103516,
2019-06-14,122.89032658982913,122.89074305415961,106.87829860223344,0.2426030126654294,100.0,447.4,863.61,100.0,100.0,30.041475296020508,69.87000274658203,21.84246253967285,
2019-06-21,123.31243344259643,123.31645070629237,106.8950674061477,0.20487116836205585,100.0,447.4,853.87,100.0,100.0,30.409744262695312,69.60250091552734,22.82283592224121,
2019-06-28,122.96335368121512,122.95845108925549,106.90715347574296,0.21374108948581866,100.0,447.4,834.26,100.0,100.0,30.40191078186035,69.00749969482422,22.89073944091797,
2019-07-05,122.63971187324539,122.62685758252685,106.91446929552744,0.14426579581191387,100.0,447.4,866.54,100.0,100.0,29.853424072265625,68.36759948730469,22.204164505004883,
2019-07-12,122.93106914246741,122.93515913843034,106.91692735000932,0.08825249343354966,100.0,447.4,846.99,100.0,100.0,30.245197296142578,68.78600311279297,22.347517013549805,
2019-07-19,122.61076180643038,122.60998697494222,105.65202545046411,0.10224462285755914,100.0,447.4,848.05,100.0,100.0,30.033647537231445,69.18499755859375,21.95519256591797,
2019-07-26,119.78862260698173,119.78932974294072,102.86924127146463,0.2947951968915728,100.0,447.4,845.79,100.0,100.0,28.294151306152344,69.40499877929688,20.589590072631836,
2019-08-02,118.27637154442786,118.3674212756602,100.08645709246518,0.21489082238305796,100.0,447.4,859.95,100.0,100.0,27.197174072265625,71.16510009765625,19.933197021484375,
2019-08-09,113.82739077521292,113.62694303941511,98.82155519291996,0.5215892240759498,100.0,447.4,822.07,100.0,100.0,24.82300567626953,71.63520050048828,18.899564743041992,
2019-08-16,114.05229183096093,114.02349283942699,99.61946816028103,0.5092930677225769,100.0,447.4,802.3,100.0,100.0,25.17560577392578,71.43779754638672,18.884479522705078,
2019-08-23,114.46373333050282,114.47963865843602,101.3748766884754,0.5537303335622092,100.0,447.4,821.16,100.0,100.0,25.230457305908203,72.08499908447266,18.967470169067383,
2019-08-30,115.8697775727651,115.87115446431336,103.13028521666975,0.6700328479709698,100.0,447.4,811.77,100.0,100.0,26.209897994995117,71.95570373535156,19.978466033935547,
2019-09-06,119.51573876910068,119.49866030940557,103.92819818403082,0.8801452545024306,100.0,447.4,830.62,100.0,100.0,28.28631591796875,71.56009674072266,21.019641876220703,
2019-09-13,118.22212038272312,118.22077694025937,103.34456853487902,0.8734999848534541,100.0,447.4,845.1,100.0,100.0,27.32254409790039,71.5425033569336,20.717851638793945,
2019-09-20,116.69726870375808,116.69615725202958,102.06058330674509,0.8321677738521671,100.0,447.4,837.34,100.0,100.0,26.452796936035156,71.30999755859375,20.129358291625977,
2019-09-27,114.81983672392336,114.82220609908246,100.77659807861114,0.8320316102889636,100.0,447.4,801.73,100.0,100.0,25.661407470703125,71.1416015625,19.352251052856445,
2019-10-04,115.20347346466244,115.20382060835794,100.19296842945936,0.5656875506911814,100.0,447.4,791.94,100.0,100.0,26.00617027282715,71.41000366210938,19.827571868896484,
2019-10-11,115.8711931181513,115.8729051084089,100.79814910126345,0.5686753787215554,100.0,447.4,808.2,100.0,100.0,26.249073028564453,71.62000274658203,20.038822174072266,
2019-10-18,116.29633922248617,116.29572496277027,102.14711829273523,0.5685325029221957,100.0,447.4,789.14,100.0,100.0,26.71920394897461,70.71499633789062,20.4688720703125,
2019-10-25,117.0842623995951,117.08169999903097,103.54001676796392,0.5455553138825046,100.0,447.4,807.29,100.0,100.0,27.016958236694336,70.98999786376953,20.687667846679688,
2019-11-01,119.93002601249852,119.89970249765592,104.27698529103876,0.4274315690876494,100.0,447.4,801.43,100.0,100.0,28.85831069946289,71.0,21.90991973876953,
2019-11-08,118.18683863117519,118.18693535110137,104.40502635793642,0.4592476066971171,100.0,447.4,824.05,100.0,100.0,27.526268005371094,72.1415023803711,20.966827392578125,
2019-11-15,118.19517131779784,118.192788340226,104.47475457611752,0.3964865355060797,100.0,447.4,790.2,100.0,100.0,27.8945369720459,71.76820373535156,21.012096405029297,
2019-11-22,120.36509377608127,120.36557209965257,104.54172887689724,0.33568829171367387,100.0,447.4,799.02,100.0,100.0,29.15606117248535,71.22810363769531,21.668487548828125,
2019-11-29,120.33771196760415,120.34183439522701,104.66150819159074,0.3461707206512728,100.0,447.4,804.73,100.0,100.0,29.07770538330078,71.4801025390625,21.404420852661133,
2019-12-06,122.86349742478272,122.87394383269196,105.1132075555218,0.41730934849923396,100.0,447.4,813.1,100.0,100.0,30.566457748413086,70.72930145263672,22.64175796508789,
2019-12-13,122.62517539888083,122.62716137062378,105.89283425112136,0.44348133164166326,100.0,447.4,821.86,100.0,100.0,30.323558807373047,70.98989868164062,22.422964096069336,
2019-12-20,122.01997932506552,122.02564013089682,106.6312855803654,0.4856098236484117,100.0,447.4,831.89,100.0,100.0,29.83775520324707,71.54000091552734,22.964494705200195,
2019-12-27,122.9848464983708,122.984062677495,106.95945884522988,0.3569439628431312,100.0,447.4,821.4,100.0,100.0,30.553274154663086,71.0250015258789,23.165260314941406,
2020-01-03,122.35868078737512,122.36187360475854,106.61672973561627,0.27286346922266513,100.0,447.4,836.54,100.0,100.0,29.999557495117188,71.41190338134766,22.784921646118164,
2020-01-10,122.35566374281478,122.34738542359491,105.75001018745971,0.27868660639494724,100.0,447.4,832.61,100.0,100.0,30.039823532104492,70.71800231933594,23.09429168701172,
2020-01-17,121.8490627656063,121.8449340429742,104.60150187178658,0.21638548847818148,100.0,447.4,836.88,100.0,100.0,29.677417755126953,71.0781021118164,22.645708084106445,
2020-01-24,118.91542500114949,118.90674278865596,103.41340645962332,0.45201109259883626,100.0,447.4,836.39,100.0,100.0,27.849254608154297,71.30000305175781,21.43143653869629,
2020-01-31,119.10168834300632,119.13314405557443,102.18019000310554,0.23234089304297417,100.0,447.4,784.17,100.0,100.0,28.525753021240234,71.18000030517578,21.80267906188965,
2020-02-07,118.51352510416923,118.50593920138488,100.73627888434113,0.23927097066190608,100.0,447.4,794.2,100.0,100.0,28.050594329833984,71.29620361328125,21.609329223632812,
2020-02-14,117.58359710315855,117.58514822454094,99.08381526931481,0.2522465622100908,100.0,447.4,796.33,100.0,100.0,27.446577072143555,71.82749938964844,21.191679000854492,
2020-02-21,111.78369467373633,111.79112541051565,97.2249413240113,0.7727371326944176,100.0,447.4,785.76,100.0,100.0,23.93521499633789,71.66339874267578,18.577526092529297,
2020-02-28,110.15820600799562,109.98459567424511,94.44757005411158,0.7553572104734768,100.0,447.4,738.35,100.0,100.0,23.42784309387207,74.0425033569336,18.40737533569336,
2020-03-06,99.1127594155538,100.05672069030197,90.88712783198021,0.9902070597374054,100.0,447.4,731.49,100.0,100.0,16.598411560058594,74.76000213623047,13.921542167663574,
2020-03-13,96.53752679476464,96.58737097244078,87.81702687362731,0.9750912631817712,100.0,447.4,688.81,100.0,100.0,15.446751594543457,74.98200225830078,12.92383098602295,
2020-03-20,99.60374888908024,99.47165899923206,86.51067939506298,0.9811238796800474,100.0,447.4,657.98,100.0,100.0,17.693700790405273,75.84549713134766,15.197684288024902,
2020-03-27,99.26748297505662,99.22789262588458,86.68515769567502,0.9663730667929795,100.0,447.4,684.19,100.0,100.0,17.202428817749023,77.56999969482422,14.78776741027832,
2020-04-03,102.1198019929566,102.12278643314733,87.11220778605522,0.9659779493589021,100.0,447.4,695.71,100.0,100.0,18.861467361450195,75.95899963378906,16.12578582763672,
2020-04-10,100.69484945413798,100.62430081708413,87.64725244901967,0.9508201264013216,100.0,447.4,715.55,100.0,100.0,17.758127212524414,77.2125015258789,15.507052421569824,
2020-04-17,101.30292477316894,101.35165407386361,88.14571446738447,0.9292125409992942,100.0,447.4,723.95,100.0,100.0,18.048057556152344,76.4000015258789,15.59212589263916,
2020-04-24,103.09771388180613,103.07410971208829,88.55423774590874,0.9225361149315202,100.0,447.4,725.66,100.0,100.0,19.151395797729492,75.25849914550781,16.473825454711914,
2020-05-01,102.67081026553855,102.64993134425566,88.95579647137258,0.5784650681059507,100.0,447.4,730.82,100.0,100.0,18.829252243041992,76.15129852294922,16.141254425048828,
2020-05-08,101.06984562327443,101.06334425425588,89.41030884962346,0.528477995536976,100.0,447.4,720.13,100.0,100.0,17.943363189697266,75.42620086669922,15.831887245178223,
2020-05-15,103.47374933729328,103.45809866278255,89.97769308650892,0.4916074257302871,100.0,447.4,712.28,100.0,100.0,19.5299129486084,75.77999877929688,17.448335647583008,
2020-05-22,105.160849086804,105.14441492720276,90.92778684182584,0.4880600162175808,100.0,447.4,694.95,100.0,100.0,20.770164489746094,76.12999725341797,18.175344467163086,
2020-05-29,109.50420297362723,109.58286122447183,92.22856312912697,0.5479770432514461,100.0,447.4,707.0,100.0,100.0,23.355361938476562,75.54499816894531,19.513362884521484,
2020-06-05,106.64020566707383,106.66052704058615,93.48714318489344,0.6005744447554634,100.0,447.4,721.08,100.0,100.0,21.41444969177246,75.875,18.763147354125977,
2020-06-12,108.44516035076755,108.44021464035414,94.31064824560649,0.6014513690127198,100.0,447.4,712.87,100.0,100.0,22.630538940429688,76.55000305175781,18.863689422607422,
2020-06-19,108.22640965316307,108.20067301716794,94.69963270603976,0.5954817497967956,100.0,447.4,722.65,100.0,100.0,22.388931274414062,75.97000122070312,19.244667053222656,
2020-06-26,107.70615449319094,107.71071053667481,94.97433256100145,0.5915635198670519,100.0,447.4,713.36,100.0,100.0,22.16343116760254,75.45490264892578,19.417407989501953,
2020-07-03,107.31861443979835,107.33622999572056,95.22139144702453,0.5541826635521774,100.0,447.4,726.07,100.0,100.0,21.784910202026367,74.93990325927734,19.849252700805664,
2020-07-10,109.83980722889571,109.83932037513631,95.52745300064198,0.547303983591379,100.0,447.4,747.58,100.0,100.0,23.129858016967773,75.1249008178711,20.673686981201172,
2020-07-17,109.92542256216836,109.92280062986174,96.01647762351578,0.5361245928382586,100.0,447.4,736.8,100.0,100.0,23.298986434936523,74.81999969482422,20.822872161865234,
2020-07-24,109.85449811500942,109.85678129743994,96.61855446436817,0.3851509331161736,100.0,447.4,717.65,100.0,100.0,23.46005630493164,74.8311996459961,21.066274642944336,
2020-07-31,111.14265883330874,111.11116740512126,97.12952028032248,0.28538450156084616,100.0,447.4,716.12,100.0,100.0,24.28152084350586,74.8822021484375,22.039897918701172,
2020-08-07,111.91604684655323,111.92941477194509,97.34521182850206,0.26720179722452775,100.0,447.4,714.63,100.0,100.0,24.780841827392578,74.77210235595703,21.906410217285156,
2020-08-14,112.44056486891238,112.43115734664222,97.31800299641222,0.2643026573325523,100.0,447.4,725.67,100.0,100.0,24.990236282348633,74.966796875,21.875009536743164,
2020-08-21,112.26445981041414,112.21179082371192,97.2581435658146,0.2600117799473905,100.0,447.4,750.7,100.0,100.0,24.61171531677246,74.24009704589844,21.600194931030273,
2020-08-28,112.3892858135116,112.39007321050995,97.19828413521698,0.2549946690241558,100.0,447.4,729.44,100.0,100.0,24.917753219604492,73.24849700927734,21.600194931030273,
2020-09-04,111.72920658306023,111.72918921375357,97.17107530312715,0.2117363051012059,100.0,447.4,727.02,100.0,100.0,24.53118324279785,73.55000305175781,21.69441795349121,
2020-09-11,114.6876235279659,114.70562139153701,97.58726729210726,0.30475227913359404,100.0,447.4,725.2,100.0,100.0,26.399608612060547,73.55069732666016,22.581666946411133,
2020-09-18,111.70315861875544,111.54531798095574,98.5216332392471,0.41914090927076986,100.0,447.4,732.26,100.0,100.0,24.458702087402344,73.77839660644531,20.924943923950195,
2020-09-25,112.342916738492,112.34556588708706,99.50285811484589,0.41243214833018044,100.0,447.4,710.97,100.0,100.0,25.086875915527344,73.70500183105469,21.042722702026367,
2020-10-02,115.032100943767,115.0505019161969,100.05962688920297,0.4606536480949498,100.0,447.4,709.23,100.0,100.0,26.786182403564453,73.5425033569336,21.749380111694336,
2020-10-09,114.39890765275919,114.39403850198377,100.19371359635613,0.4671085087558271,100.0,447.4,711.38,100.0,100.0,26.367399215698242,73.29620361328125,21.73367691040039,
2020-10-16,115.57574526017669,115.57970380083903,100.2656538064469,0.46966786345047695,100.0,447.4,725.89,100.0,100.0,26.94725227355957,73.6812973022461,22.204782485961914,
2020-10-23,113.67595885567732,113.72668077213066,100.34227479393022,0.5040788114404047,100.0,447.4,716.56,100.0,100.0,25.860023498535156,74.44000244140625,20.924943923950195,
2020-10-30,115.5471447843576,115.54581761113415,100.49040383326088,0.5112229642204386,100.0,447.4,712.96,100.0,100.0,27.06805992126465,74.37999725341797,22.039897918701172,
2020-11-06,117.3746286638193,117.38025454261424,101.86606123613966,0.47315279693328516,100.0,447.4,729.34,100.0,100.0,28.034486770629883,74.56999969482422,23.005661010742188,
2020-11-13,120.5663652217588,120.55123514390716,104.75450520696234,0.40531506124506833,100.0,447.4,736.61,100.0,100.0,29.95123291015625,74.41999816894531,24.034242630004883,
2020-11-20,124.58511793457704,124.55784071130445,107.9164198592265,0.45233405072301414,100.0,447.4,733.5,100.0,100.0,32.49616622924805,73.77989959716797,25.75377655029297,
2020-11-27,126.60974839217134,126.60947832610405,110.11248930642971,0.4377570101772372,100.0,447.4,738.09,100.0,100.0,33.712257385253906,73.66259765625,27.44975471496582,
2020-12-04,131.0018535987471,131.00639058307434,111.34519321898004,0.4352596197775919,100.0,447.4,717.69,100.0,100.0,36.675968170166016,73.93499755859375,28.61966896057129,
2020-12-11,130.85658592104585,130.8317192081605,112.39656094099239,0.46198628717583007,100.0,447.4,687.45,100.0,100.0,36.909523010253906,73.6166000366211,28.910184860229492,
2020-12-18,129.23160791611667,129.23120260781275,113.19660109652449,0.43486203844787585,100.0,447.4,700.14,100.0,100.0,35.75786209106445,73.83979797363281,28.973207473754883,
2020-12-25,130.70986388129654,130.7060928948966,113.67532230963411,0.43460641003521827,100.0,447.4,706.2,100.0,100.0,36.616722106933594,73.13400268554688,29.307241439819336,
2021-01-01,138.56887592201858,138.58331471856013,113.89240305467747,0.5883852800869048,100.0,447.4,705.93,100.0,100.0,41.531219482421875,73.36000061035156,32.8225212097168,
2021-01-08,138.23434206611918,138.22081476910455,114.01833317233482,0.6134691650116447,100.0,447.4,719.33,100.0,100.0,41.17842483520508,73.1698989868164,32.57597351074219,
2021-01-15,134.12762274582195,134.1878363685984,114.14933833615002,0.6998317761367686,100.0,447.4,727.88,100.0,100.0,38.52016830444336,72.91089630126953,31.79656410217285,
2021-01-22,131.50305452384282,131.51823554213695,114.38164421966688,0.7260322332316271,100.0,447.4,731.0,100.0,100.0,36.84644317626953,73.03710174560547,29.96735382080078,
2021-01-29,131.49034099627568,131.4999296414901,115.30429093039102,0.6650411834184563,100.0,447.4,714.96,100.0,100.0,37.010536193847656,72.85800170898438,29.98325538635254,
2021-02-05,133.84254508002465,133.82842698045462,117.01331532985625,0.6728409106211019,100.0,447.4,702.09,100.0,100.0,38.61861801147461,72.80729675292969,31.55797576904297,
2021-02-12,135.50954238729105,135.50227090974812,118.86543822264882,0.6520897665257451,100.0,447.4,707.43,100.0,100.0,39.60315704345703,72.79730224609375,33.29175567626953,
2021-02-19,138.22792164774086,138.22827833369942,120.21738041335493,0.6565648240559233,100.0,447.4,731.96,100.0,100.0,41.03894805908203,72.4000015258789,34.0711555480957,
2021-02-26,137.77031405275767,137.76726234809524,120.94277889573537,0.39691315807791183,100.0,447.4,718.3,100.0,100.0,40.899471282958984,72.88069915771484,33.132686614990234,
2021-03-05,144.24207404554565,144.26695600864497,121.47689820528056,0.5783238043878054,100.0,447.4,738.17,100.0,100.0,44.73097229003906,72.70600128173828,34.58811950683594,
2021-03-12,142.9702613565035,142.9615015259035,122.01890045917108,0.49164854920618795,100.0,447.4,781.1,100.0,100.0,43.475685119628906,72.29560089111328,33.30765914916992,
2021-03-19,141.15457699697265,141.1609702115715,122.76794777458751,0.4677832341732348,100.0,447.4,789.28,100.0,100.0,42.253211975097656,72.64559936523438,31.79656410217285,
2021-03-26,146.90501024209533,146.95436125699496,124.03307723214628,0.5491344913203671,100.0,447.4,816.84,100.0,100.0,45.551429748535156,73.20349884033203,33.84052276611328,
2021-04-02,148.08609572059146,148.04800030524459,125.77082333924766,0.566932367306949,100.0,447.4,814.52,100.0,100.0,46.314449310302734,74.40149688720703,34.90623474121094,
2021-04-09,149.05496546054619,149.071022764439,127.65159435324806,0.5909951711075526,100.0,447.4,794.48,100.0,100.0,47.1348991394043,75.0261001586914,36.154869079589844,
2021-04-16,148.7226299005069,148.72431073802642,129.3457985315039,0.6243228380218078,100.0,447.4,785.06,100.0,100.0,47.028236389160156,75.42949676513672,35.74131774902344,
2021-04-23,153.02421878201244,153.0363229377502,131.03691186546735,0.671218288596974,100.0,447.4,776.39,100.0,100.0,49.809566497802734,74.31179809570312,37.33989715576172,
2021-04-30,158.16341816831698,158.15903941570218,132.81898730016718,0.5650922632938552,100.0,447.4,767.57,100.0,100.0,53.11598205566406,73.79940032958984,39.02595138549805,
2021-05-07,157.1677560131791,157.1706050909996,134.22829852332475,0.5479509026078433,100.0,447.4,770.75,100.0,100.0,52.45962142944336,73.68160247802734,38.445369720458984,
2021-05-14,154.9986391257121,154.99694439801874,134.8011192226614,0.5542844219188651,100.0,447.4,768.28,100.0,100.0,51.1304931640625,73.222900390625,37.35580062866211,
2021-05-21,156.22615394196302,156.22636285783233,134.30789074543264,0.38675612922118696,100.0,447.4,777.08,100.0,100.0,51.803260803222656,72.67250061035156,37.626197814941406,
2021-05-28,157.54082364667443,157.53662499086258,133.22278809552935,0.38974463650204627,100.0,447.4,769.54,100.0,100.0,52.705753326416016,72.96510314941406,38.13520050048828,
2021-06-04,157.68653561987037,157.69160476604034,132.13768544562606,0.4022596902257587,100.0,447.4,776.5,100.0,100.0,52.72216796875,72.98529815673828,37.03767395019531,
2021-06-11,151.3927524502029,151.3673528432236,131.6444569683973,0.7052058851855078,100.0,447.4,782.3,100.0,100.0,48.72657012939453,73.8240966796875,34.97907257080078,
2021-06-18,155.24163012876983,155.2418153361689,131.94668273633403,0.6835287304615127,100.0,447.4,770.2,100.0,100.0,51.26176071166992,74.24690246582031,36.50481414794922,
2021-06-25,154.28047352005703,154.27220346940032,132.71527348618818,0.5213080058151772,100.0,447.4,778.45,100.0,100.0,50.57258605957031,74.37100219726562,36.32720947265625,
2021-07-02,152.32595095248217,152.31947575317488,133.7430993870257,0.5358820062141538,100.0,447.4,784.66,100.0,100.0,49.28447341918945,74.8218994140625,35.8024787902832,
2021-07-09,155.025576182438,155.02213853424726,134.82303060791256,0.5746901005307448,100.0,447.4,771.38,100.0,100.0,51.114078521728516,74.46910095214844,37.06989669799805,
2021-07-16,153.5164636119344,153.52981712001332,136.33869367363613,0.5751298372584057,100.0,447.4,773.71,100.0,100.0,50.14594650268555,74.44020080566406,36.42407989501953,
2021-07-23,160.086977683893,160.07385311316247,138.3251296331144,0.7770461225173256,100.0,447.4,774.09,100.0,100.0,54.248207092285156,74.38999938964844,39.128440856933594,
2021-07-30,156.6702881396384,156.6627497227301,140.05233044160929,0.8079333204872136,100.0,447.4,783.07,100.0,100.0,52.01658248901367,74.18399810791016,37.64306640625,
2021-08-06,161.8750864535912,161.88340701608726,140.79028805438273,0.7013577287024072,100.0,447.4,816.32,100.0,100.0,54.91276931762695,74.10299682617188,38.49070358276367,
2021-08-13,154.05369468659129,154.02960039741947,140.40924141126504,0.8701028244778042,100.0,447.4,846.32,100.0,100.0,49.702911376953125,74.2697982788086,34.454345703125,
2021-08-20,156.32460451820143,156.32035163550378,139.48173215226902,0.8699784238908385,100.0,447.4,874.61,100.0,100.0,50.818721771240234,74.0999984741211,35.61681365966797,
2021-08-27,157.98573190897952,158.00120311223262,138.3312062829301,0.8537659367219298,100.0,447.4,920.15,100.0,100.0,51.36842346191406,72.98509979248047,36.74699401855469,
2021-09-03,157.84677938361273,157.84848572943667,137.28110980878378,0.8455863414805164,100.0,447.4,1027.56,100.0,100.0,50.129547119140625,73.78900146484375,36.246490478515625,
2021-09-10,156.4537682337976,156.4403119225956,136.33932562112633,0.8395025974153365,100.0,447.4,1052.72,100.0,100.0,48.98910903930664,73.43800354003906,35.35041046142578,
2021-09-17,151.37226705152142,151.36548041695053,135.3593036501961,0.7403885357647102,100.0,447.4,1016.71,100.0,100.0,46.199581146240234,73.8749008178711,33.961910247802734,
2021-09-24,152.7400072252177,152.7493592516658,134.43284045994162,0.7241371030816398,100.0,447.4,1180.55,100.0,100.0,45.297088623046875,74.3219985961914,32.920528411865234,
2021-10-01,153.6615593767744,153.67535735739492,133.65173261431138,0.5323111043071744,100.0,447.4,1200.59,100.0,100.0,45.658084869384766,74.76000213623047,33.566341400146484,
2021-10-08,154.880738853112,154.91254161600236,133.07331484863235,0.19127218211074276,100.0,447.4,1121.7,100.0,100.0,47.266170501708984,75.3062973022461,35.4392204284668,
2021-10-15,151.78830576927024,151.79302149540385,132.60678715501237,0.2069287006513244,100.0,447.4,1071.55,100.0,100.0,45.87139892578125,74.80919647216797,34.6400146484375,
2021-10-22,151.98649075944957,151.97983974054407,132.12174398257164,0.1839494854058772,100.0,447.4,1046.38,100.0,100.0,46.265220642089844,75.05000305175781,34.486637115478516,
2021-10-29,151.2076201871884,151.18720237020227,131.48777978043023,0.18791521766497088,100.0,447.4,1097.38,100.0,100.0,45.231449127197266,74.43550109863281,33.44525146484375,
2021-11-05,152.70630676022404,152.71192422965245,130.29464501393724,0.21797200006882242,100.0,447.4,1060.02,100.0,100.0,46.568782806396484,74.40489959716797,34.47855758666992,
2021-11-12,145.79754272263688,145.8348818350211,128.64720973178984,0.3643177994447612,100.0,424.7,1027.38,100.0,100.0,43.869503021240234,74.25980377197266,33.203067779541016,
2021-11-19,147.71489356484966,147.7031292823936,127.18774775813036,0.38301693963490785,100.0,416.5,1027.3,100.0,100.0,45.52681350708008,74.625,34.06685256958008,
2021-11-26,145.50847898009465,145.51945861254444,126.55853291710112,0.3720756377064436,100.0,416.6,1038.2,100.0,100.0,44.025386810302734,75.01789855957031,33.42910385131836,
2021-12-03,149.65021265959703,149.64160622728704,127.83148437884313,0.5348966276507784,100.0,419.9,1138.42,100.0,100.0,45.354515075683594,75.38330078125,34.26060485839844,
2021-12-10,151.52758965438423,151.52653039625108,130.63197759467562,0.5112915322253753,100.0,410.8,1199.6,100.0,100.0,46.38008117675781,76.2114028930664,33.21922302246094,
2021-12-17,148.22459532709252,148.16685928173737,133.43247081050805,0.5724083303254527,100.0,413.2,1301.38,100.0,100.0,43.0900764465332,75.45850372314453,35.49658203125,
2021-12-24,155.3455041903409,154.88691018622956,134.70542227225008,0.8233982289909989,100.0,413.2,1395.11,100.0,100.0,46.53507995605469,74.57029724121094,35.479736328125,
2021-12-31,155.2933991238409,155.2223630884096,134.0696432562508,0.8116254971671735,100.0,397.0,1328.13,100.0,100.0,48.126094818115234,74.43009948730469,36.32096481323242,
2022-01-07,155.5043524767014,155.56618092124995,132.67092942105234,0.4943334896277396,100.0,394.7,1158.99,100.0,100.0,50.2005729675293,73.79910278320312,38.85871505737305,
2022-01-14,152.70957077308316,152.69785167761137,131.27221558585393,0.5871915516266334,100.0,397.6,1153.14,100.0,100.0,48.35464096069336,74.44920349121094,38.293827056884766,
2022-01-21,150.19021791832841,150.20831141563053,130.63643656985465,0.6040920486996896,100.0,406.3,1194.59,100.0,100.0,45.84944534301758,74.8949966430664,36.245086669921875,
2022-01-28,152.81766542636103,152.81265712625162,130.948056817879,0.5395417780781133,100.0,409.5,1107.28,100.0,100.0,48.2491569519043,74.82240295410156,37.071327209472656,
2022-02-04,157.73834274438954,157.73773808348543,131.80321685082504,0.6565665541860628,100.0,407.1,1103.27,100.0,100.0,51.50151443481445,74.80889892578125,39.55005645751953,
2022-02-11,156.24349204450272,156.26519225704425,133.08236560200217,0.5780671515127451,100.0,407.4,1167.86,100.0,100.0,49.857757568359375,75.04199981689453,39.061058044433594,
2022-02-18,154.87412744612107,154.841526506205,134.66595200471988,0.24739207505633756,100.0,419.4,1107.51,100.0,100.0,48.97874069213867,74.63300323486328,38.38656997680664,
2022-02-25,168.04299899908608,168.0516881839083,138.96931071845086,0.9325174625444677,100.0,426.2,1140.34,100.0,100.0,56.476741790771484,75.63099670410156,42.138389587402344,
2022-03-04,170.06900880438258,170.04191746094128,146.23195855385717,0.9164317333311716,100.0,445.7,1187.13,100.0,100.0,56.15150833129883,76.13490295410156,40.755699157714844,
2022-03-11,173.72340854384328,173.68994451963727,153.07061767103238,0.8653710302176096,100.0,490.0,1140.6,100.0,100.0,56.45916748046875,76.02420043945312,40.57864761352539,
2022-03-18,179.42695234564997,179.4891224907696,156.10201023007,0.7846458606484988,100.0,490.0,1068.08,100.0,100.0,60.80149841308594,76.55239868164062,43.436771392822266,
2022-03-25,176.01607499119925,176.11589355146262,155.61008210853362,0.8655721140500644,100.0,483.0,1014.8,100.0,100.0,59.632408142089844,75.82779693603516,43.18384552001953,
2022-04-01,174.84763256311356,174.85652241117356,154.3512554865844,0.8640401950660697,100.0,468.6,1046.32,100.0,100.0,59.36870574951172,75.94509887695312,43.04051208496094,
2022-04-08,178.17173347879702,178.2218103623874,152.6509669782122,0.8243004224878584,100.0,465.2,1080.7,100.0,100.0,61.26737976074219,76.12169647216797,43.70656204223633,
2022-04-15,173.44320101273954,173.4326130951195,150.83465319740688,0.8671507775212475,100.0,454.9,1065.36,100.0,100.0,59.05226135253906,76.27619934082031,41.10980224609375,
2022-04-22,168.8628978777553,168.98437438974398,148.39008203244828,0.47335060127821876,100.0,457.9,1063.13,100.0,100.0,56.04602813720703,76.47219848632812,38.765968322753906,
2022-04-29,163.09999734861998,162.7097599275695,145.18848367217495,0.5706037153014496,100.0,447.3,1083.33,100.0,100.0,52.82004165649414,76.00160217285156,37.27367401123047,
2022-05-06,156.78400405776753,156.88508616327553,142.1304881814146,0.5651804325363519,100.0,459.9,1025.84,100.0,100.0,48.78535842895508,77.41840362548828,34.010860443115234,
2022-05-13,161.0545738568243,161.10893185580358,140.1167256249951,0.5038349489601862,100.0,462.5,1069.36,100.0,100.0,50.84225845336914,77.81999969482422,36.35469055175781,
2022-05-20,167.98398488118164,167.96202402919369,139.16212393317576,0.7570188342753866,100.0,455.5,1097.36,100.0,100.0,55.263702392578125,77.49729919433594,38.25167465209961,
2022-05-27,171.14636520978095,171.05694813717906,138.50721543851247,0.7831751017064078,100.0,474.8,1060.61,100.0,100.0,56.555850982666016,77.58409881591797,39.97160720825195,
2022-06-03,165.88874043823768,165.817856179086,137.89103680927767,0.7787710380340088,100.0,480.1,1100.36,100.0,100.0,52.547542572021484,77.72429656982422,36.58232116699219,
2022-06-10,157.67521472061057,157.58576913052497,137.0526247137439,0.8389664004157898,100.0,493.9,1092.42,100.0,100.0,46.72846603393555,77.90019989013672,34.0931396484375,
2022-06-17,153.79943314414567,153.93334454815144,135.46814160078662,0.8258758222240181,100.0,508.5,1091.3,100.0,100.0,43.50247573852539,78.19309997558594,30.964290618896484,
2022-06-24,153.4574477983141,153.3768365287173,133.329750339984,0.7863819340966731,100.0,500.3,1115.73,100.0,100.0,43.48489761352539,78.89830017089844,31.218448638916016,
2022-07-01,153.3896088719643,153.70600035965563,131.45048823066287,0.7020865002362565,100.0,492.1,1164.33,100.0,100.0,43.37941360473633,79.04389953613281,30.850351333618164,
2022-07-08,150.45287983333094,150.21630956213852,130.64339257214988,0.6219091981625275,100.0,485.8,1246.49,100.0,100.0,41.014862060546875,79.80750274658203,28.282405853271484,
2022-07-15,153.00103938849534,152.98287545013528,131.37827037010885,0.3901752251267326,100.0,466.8,1199.73,100.0,100.0,44.170528411865234,80.00340270996094,30.193029403686523,
2022-07-22,154.5031702281288,154.64251625169754,132.99500152561853,0.3364968824308395,100.0,456.6,1147.8,100.0,100.0,46.23621368408203,79.84739685058594,31.612842559814453,
2022-07-29,151.3387537030114,151.3774485063025,134.6117326811283,0.30797618273027627,100.0,421.9,1133.53,100.0,100.0,46.35049057006836,79.11830139160156,31.533966064453125,
2022-08-05,155.5430899333271,155.6241608367946,135.34661047908725,0.23383037704027698,100.0,416.9,1092.31,100.0,100.0,49.69953536987305,79.0978012084961,33.768863677978516,
2022-08-12,155.79563926374504,155.85502977658592,134.53861282448213,0.18019124090797345,100.0,421.5,1104.37,100.0,100.0,49.47099304199219,79.35970306396484,33.71627426147461,
2022-08-19,158.62642005200604,158.72215033950303,132.68542672617818,0.21069712774074228,100.0,419.6,1212.83,100.0,100.0,50.1829948425293,79.79679870605469,34.382362365722656,
2022-08-26,149.93328227407125,149.94565194031296,130.64326248244245,0.5659775433774846,100.0,416.8,1194.58,100.0,100.0,45.10228729248047,79.54879760742188,31.16586685180664,
2022-09-02,148.6695408997056,148.63523636645203,129.26833039154207,0.5415042876171351,100.0,381.9,1187.2,100.0,100.0,46.34169387817383,79.6498031616211,32.06858825683594,
2022-09-09,146.34487077572362,146.415642642207,128.54569758283202,0.516946080056292,100.0,379.6,1239.11,100.0,100.0,44.46060562133789,79.45369720458984,31.75307273864746,
2022-09-16,144.8898071516076,144.84969295222643,127.92952647692847,0.4895869343667478,100.0,395.1,1125.21,100.0,100.0,43.906822204589844,80.05069732666016,31.016868591308594,
2022-09-23,141.83758391914114,141.8816327280417,127.47967030899025,0.49225376980145363,100.0,398.0,1120.75,100.0,100.0,41.88508987426758,81.42870330810547,29.991451263427734,
2022-09-30,146.318761693016,146.32139947210297,127.25598231417617,0.5214762708863393,100.0,400.2,1045.04,100.0,100.0,45.37477493286133,81.6488037109375,31.56025505065918,
2022-10-07,147.2065205792701,147.2463150391828,127.17385601390816,0.5242003124200766,100.0,400.7,1044.99,100.0,100.0,45.902191162109375,82.19999694824219,31.03439712524414,
2022-10-14,149.8372047728505,149.84871223046565,127.11102683214402,0.5144679648789529,100.0,420.1,1099.67,100.0,100.0,45.87582015991211,82.99700164794922,30.52606964111328,
2022-10-21,151.34444581813963,151.3311191215199,127.07086085784631,0.20114657859118043,100.0,411.0,1092.3,100.0,100.0,47.405303955078125,82.04959869384766,31.910829544067383,
2022-10-28,146.08825579852538,146.09228860028438,127.05672417997762,0.323624473294752,100.0,401.6,942.36,100.0,100.0,46.2537956237793,82.88839721679688,30.832822799682617,
2022-11-04,152.21195937287223,152.23375076060927,129.10853737256596,0.48356888089203603,100.0,399.4,982.82,100.0,100.0,49.769859313964844,81.34380340576172,34.71540832519531,
2022-11-11,155.3330497304691,155.3169298217299,133.62252639626033,0.4625885065850204,100.0,398.7,965.08,100.0,100.0,51.94981384277344,81.49530029296875,35.57430648803711,
2022-11-18,158.00861295546963,158.0060159479936,138.13651541995466,0.3219050047401976,100.0,403.3,982.28,100.0,100.0,53.18043899536133,81.63289642333984,36.4682731628418,
2022-11-25,161.16162848120564,161.1912623612452,140.18832861254302,0.27979135612377426,100.0,401.9,1018.4,100.0,100.0,54.84177780151367,81.3052978515625,38.089664459228516,
2022-12-02,161.66945059435102,161.69180311165655,140.07371186540203,0.28674747929110594,100.0,410.5,999.91,100.0,100.0,54.87693786621094,82.25350189208984,38.13348388671875,
2022-12-09,158.92986566338553,158.88476653064976,139.82155502169184,0.3719736321403075,100.0,426.3,990.72,100.0,100.0,52.38053512573242,82.50800323486328,35.69700622558594,
2022-12-16,157.2935132554554,157.30508491539112,139.56939817798167,0.40693442474562297,100.0,429.3,977.27,100.0,100.0,51.33450698852539,82.87860107421875,36.612571716308594,
2022-12-23,160.3374454803813,160.34781556798944,139.45478143084068,0.19322217163790495,100.0,429.1,936.05,100.0,100.0,53.69013977050781,82.85199737548828,37.20570755004883,
2022-12-30,162.05969733468788,162.04081757079172,142.03906450080328,0.10752441062642548,100.0,415.4,1025.09,100.0,100.0,54.576969146728516,82.66649627685547,37.457340240478516,
2023-01-06,173.2398677743695,173.25214636440614,147.72448725472105,0.49577659578177846,100.0,425.7,1098.36,100.0,100.0,60.202796936035156,81.63179779052734,41.348663330078125,
2023-01-13,172.8160279221213,172.82101431306617,153.4099100086388,0.5202582834842899,100.0,445.7,1034.07,100.0,100.0,59.50995635986328,81.43599700927734,41.070068359375,
2023-01-20,179.4042498524604,179.36515223645944,155.99419307860143,0.5874695068990008,100.0,445.4,1045.72,100.0,100.0,63.519168853759766,81.50270080566406,42.822509765625,
2023-01-27,177.63775965953067,177.64858938138659,155.6179456157684,0.6289476240045395,100.0,441.2,1038.74,100.0,100.0,62.72471618652344,81.71029663085938,41.32170486450195,
2023-02-03,173.92194546539375,173.90518146226742,154.64617505760924,0.6500119161344673,100.0,449.8,1029.78,100.0,100.0,60.01803970336914,82.65950012207031,40.00062942504883,
2023-02-10,178.57661472449695,178.58792333329419,153.31433914963384,0.6008013296742405,100.0,441.1,1082.77,100.0,100.0,62.84480667114258,82.73770141601562,40.04556655883789,
2023-02-17,174.592278489611,174.6091571214929,151.85789563735202,0.7167879532361506,100.0,438.7,1050.01,100.0,100.0,60.8402099609375,82.83529663085938,38.697532653808594,
2023-02-24,177.9255871853149,177.87659338408903,149.5652598892511,0.7260010944349384,100.0,428.2,1025.91,100.0,100.0,63.768585205078125,82.4198989868164,40.06353759765625,
2023-03-03,173.525153244596,173.5426606209574,146.39380106247359,0.3938027832780135,100.0,422.3,1068.96,100.0,100.0,60.88639831542969,81.9645004272461,38.07743453979492,
2023-03-10,162.40104669758983,162.5589699730361,143.58240758551236,0.7908613339742713,100.0,398.4,1031.91,100.0,100.0,55.667030334472656,82.7156982421875,35.64199447631836,
2023-03-17,163.6970844496445,163.6997535610796,142.3699678868602,0.6165169014247416,100.0,405.3,1069.76,100.0,100.0,55.68550491333008,82.52580261230469,36.08234786987305,
2023-03-24,166.40342232363304,166.41339355089022,142.74555048428755,0.6910072792246512,100.0,392.8,1042.8,100.0,100.0,58.364471435546875,82.25540161132812,38.185279846191406,
2023-03-31,162.36857867021237,162.37358138001215,143.57183219862776,0.705168010449856,100.0,390.8,1029.13,100.0,100.0,56.1012077331543,81.94999694824219,37.13381576538086,
2023-04-07,167.21414264376216,167.21742170907334,144.39811391296791,0.7277683859641487,100.0,391.3,1008.28,100.0,100.0,59.32520294189453,81.96060180664062,39.27268981933594,
2023-04-14,166.45621536128925,166.46360740708948,144.77369651039527,0.7127683592141977,100.0,390.0,1058.74,100.0,100.0,58.38294982910156,82.34010314941406,38.56272888183594,
2023-04-21,162.56529441582217,162.5194525106147,143.87871080671164,0.6540096157044601,100.0,390.2,1031.66,100.0,100.0,56.23053741455078,81.76689910888672,36.9720458984375,
2023-04-28,156.59322564040818,156.6400816309623,141.9097422586077,0.6972262163928706,100.0,377.3,1059.22,100.0,100.0,52.92340087890625,81.77999877929688,35.91159439086914,
2023-05-05,157.19810347969602,157.19164226200812,139.9407737105037,0.31551925003880127,100.0,369.6,1088.93,100.0,100.0,53.41300964355469,81.9198989868164,35.570098876953125,
2023-05-12,159.86973293254465,159.87754698737504,139.0457880068201,0.35582856047911676,100.0,369.7,1129.53,100.0,100.0,54.64163589477539,82.45030212402344,35.95652770996094,
2023-05-19,155.38833509819034,155.40730701638796,139.50789944944384,0.36503286217469544,100.0,363.7,1098.62,100.0,100.0,52.5077018737793,82.71369934082031,34.123207092285156,
2023-05-26,155.12572742627438,155.11710832143183,140.6179249025044,0.33301257634876713,100.0,362.0,1102.51,100.0,100.0,52.396846771240234,82.66680145263672,34.734317779541016,
2023-06-02,162.43094138532422,162.45813368797425,141.9614010537857,0.5488252667338966,100.0,359.0,1107.13,100.0,100.0,57.08041763305664,82.61810302734375,36.25309371948242,
2023-06-09,164.56183081119366,164.56659863045536,143.12386459107157,0.5898256864170561,100.0,357.2,1099.42,100.0,100.0,58.59541702270508,82.04499816894531,38.74325942993164,
2023-06-16,161.32204105176027,161.3248593060263,144.18749233356806,0.5799567243532686,100.0,348.7,1033.3,100.0,100.0,57.75477981567383,81.94149780273438,37.19462966918945,
2023-06-23,162.96560346575188,162.9578598807827,145.31352973631257,0.35962738903588387,100.0,346.0,1019.97,100.0,100.0,59.075782775878906,82.02649688720703,36.837257385253906,
2023-06-30,161.55683939205014,161.57041958785211,146.2061164408364,0.3944287977718286,100.0,348.2,1052.17,100.0,100.0,57.72706604003906,82.39409637451172,36.16831588745117,
2023-07-07,168.55386103163102,168.52833305111028,146.56939208867075,0.6092772409159782,100.0,347.9,1047.16,100.0,100.0,62.17045211791992,82.00180053710938,39.29307174682617,
2023-07-14,168.10604368794745,168.05877859469808,146.22768263683164,0.41209952104389364,100.0,345.1,1046.85,100.0,100.0,62.050357818603516,82.06169891357422,38.68828582763672,
2023-07-21,170.29465997483905,170.2796599537716,145.45779006804156,0.38351285455072043,100.0,346.0,1009.49,100.0,100.0,63.768585205078125,81.97550201416016,39.28390884399414,
2023-07-28,167.38160688893328,167.37560561051754,144.6425680623915,0.23842553389826912,100.0,344.2,1005.02,100.0,100.0,62.09654998779297,82.7332992553711,38.193458557128906,
2023-08-04,165.7727711392485,165.76356720839422,144.16487029997236,0.24008908466680817,100.0,354.0,1019.56,100.0,100.0,60.38755798339844,82.86630249023438,37.38706588745117,
2023-08-11,165.34294191195903,165.32713228433244,144.03153764134387,0.16958390670886292,100.0,353.7,1010.72,100.0,100.0,60.230506896972656,83.23699951171875,35.5177116394043,
2023-08-18,165.31864427158195,165.31276714357537,143.95504771313298,0.15948396694680764,100.0,352.2,1011.95,100.0,100.0,60.28594207763672,82.5447006225586,35.66432571411133,
2023-08-25,168.13360282769418,168.12903359902296,143.87670934453166,0.17427731730837356,100.0,350.5,1003.96,100.0,100.0,62.22587585449219,82.70040130615234,36.78227615356445,
2023-09-01,165.27615516967558,165.27254954857833,143.73783136473176,0.05740331278400012,100.0,348.4,981.9,100.0,100.0,60.79401779174805,83.25740051269531,36.250789642333984,
2023-09-08,168.7471221911708,168.75687078539042,143.12411241121563,0.10871678995095764,100.0,355.4,992.65,100.0,100.0,62.45682144165039,82.93679809570312,37.63447952270508,
2023-09-15,165.75778628172066,165.75472781504658,142.01925567518254,0.12716799381511815,100.0,361.0,1021.84,100.0,100.0,59.96261215209961,83.08699798583984,36.16831588745117,
2023-09-22,165.41635715497407,165.4127695523143,140.96157681639994,0.11796688334263945,100.0,351.1,1007.01,100.0,100.0,60.461456298828125,83.22270202636719,36.56235122680664,
2023-09-29,161.54044342899724,161.53743030899696,140.4893914946352,0.17190491254229898,100.0,349.6,1009.47,100.0,100.0,58.09657669067383,83.44979858398438,34.80295944213867,
2023-10-06,162.01165142173812,162.01242005469794,140.71374299387952,0.18591303365401404,100.0,353.1,996.3,100.0,100.0,58.33675765991211,83.21800231933594,35.3527717590332,
2023-10-13,158.7801593049261,158.7871815733241,141.29399530580517,0.2267997284036705,100.0,351.0,1002.4,100.0,100.0,56.369102478027344,83.26860046386719,34.49140167236328,
2023-10-20,158.56160578859152,158.5415608949939,142.09094515170145,0.16696634382030134,100.0,344.2,971.69,100.0,100.0,56.94184875488281,83.1709976196289,34.27147674560547,
2023-10-27,164.35866029979826,164.3843806093642,142.96538925285748,0.36660767106776576,100.0,343.5,997.03,100.0,100.0,60.33212661743164,85.19400024414062,35.57269287109375,
2023-11-03,162.7451628107411,162.73841879853512,144.03148744524873,0.301830822975079,100.0,338.6,994.86,100.0,100.0,59.620811462402344,83.21769714355469,34.63801574707031,
2023-11-10,166.910083339772,166.89853187162166,145.42332537689313,0.37553124637623836,100.0,340.5,989.93,100.0,100.0,62.17045211791992,83.18620300292969,36.36991500854492,
2023-11-17,168.83576845235694,168.8304139078776,147.03158848714375,0.3881985746149188,100.0,339.4,989.01,100.0,100.0,63.44526672363281,83.54830169677734,37.28627014160156,
2023-11-24,171.03424671780323,171.03214546598164,148.74696221535365,0.28457225032012606,100.0,345.7,975.77,100.0,100.0,64.6092300415039,83.3302993774414,37.21296310424805,
2023-12-01,169.8779251109251,169.8801544321852,151.07268188356778,0.3113170562698525,100.0,346.6,981.22,100.0,100.0,63.777828216552734,83.28959655761719,37.21296310424805,
2023-12-08,174.75703460471755,174.758808281455,153.93702704823963,0.2531192622628124,100.0,347.4,986.6,100.0,100.0,66.72469329833984,83.2853012084961,38.77991485595703,
2023-12-15,176.51252295758903,176.54733279960342,156.36824950033463,0.23440001923950568,100.0,339.7,986.03,100.0,100.0,68.25816345214844,83.26719665527344,39.09147644042969,
2023-12-22,180.98957573871337,180.97536849249653,157.39460103081842,0.18731043436351702,100.0,346.7,981.3,100.0,100.0,70.71576690673828,83.26719665527344,40.668025970458984,
2023-12-29,177.60314919754697,177.60789117888183,156.55628767084582,0.24533087309972884,100.0,346.7,995.86,100.0,100.0,68.44320678710938,83.31809997558594,39.52324295043945,
2024-01-05,176.07745652432567,176.0539493276576,154.71199827890615,0.2572876688661691,100.0,360.4,1022.65,100.0,100.0,66.43687438964844,83.02559661865234,38.387840270996094,155.0055175
2024-01-12,174.582030597356,174.61765981954824,152.8677088869664,0.28691560459593934,100.0,368.4,1016.18,100.0,100.0,65.12467956542969,83.17759704589844,36.99908447265625,154.83118100000002
2024-01-19,174.7906582346777,174.80635102472132,152.02939552699382,0.282464708534168,100.0,366.7,986.66,100.0,100.0,65.66667175292969,83.09760284423828,37.81544876098633,153.593244
2024-01-26,176.03321070704723,176.02575306936632,152.28421060286405,0.27587860027480804,100.0,361.0,1036.45,100.0,100.0,66.2276840209961,83.05359649658203,38.24708938598633,153.370791
2024-02-02,176.83405748230837,176.85341770954008,152.92378322614326,0.19283120013231533,100.0,373.3,1018.15,100.0,100.0,66.23719787597656,83.01260375976562,37.28059005737305,153.243855
2024-02-09,178.33537184237167,178.29421944082395,153.76080449033398,0.19871099885798912,100.0,372.0,1033.5,100.0,100.0,67.08346557617188,83.04309844970703,37.271209716796875,153.1691325
2024-02-16,177.7458072564899,177.77124083663634,154.60796548893896,0.12023311358626693,100.0,371.9,1032.47,100.0,100.0,66.73164367675781,82.93840026855469,37.1773681640625,153.1691325
2024-02-23,181.2087956160581,181.34188059327744,155.68929312692114,0.13143540885339294,100.0,389.2,1105.12,100.0,100.0,67.15003204345703,82.91190338134766,37.04600143432617,152.96599799999998
2024-03-01,181.48153311102354,181.50011725691868,157.04148099774176,0.12500573813032828,100.0,388.4,1079.08,100.0,100.0,67.64447784423828,82.81909942626953,38.02188491821289,152.900316
2024-03-08,178.2166866149653,178.1964189756637,158.1962202276508,0.17740226288060582,100.0,382.9,1136.47,100.0,100.0,65.29583740234375,82.83110046386719,37.80606460571289,152.114913
2024-03-15,182.4622077221465,182.45932648159337,158.68520194289823,0.2462937053014173,100.0,377.2,1122.76,100.0,100.0,68.4146728515625,83.05460357666016,38.89455032348633,149.829644
2024-03-22,183.04825101417964,183.0373609582935,158.56918427824812,0.2525837574089424,100.0,377.2,1097.51,100.0,100.0,69.05175018310547,83.36499786376953,39.12913513183594,150.116796
2024-03-29,182.55941775022742,182.5678178945354,158.31394541601787,0.26721545037588185,100.0,378.7,1120.61,100.0,100.0,68.4146728515625,83.37329864501953,39.87043380737305,150.43231
2024-04-05,183.01745094790994,183.0089635240924,158.05870655378766,0.2680013998722246,100.0,377.5,1107.45,100.0,100.0,68.90912628173828,83.4126968383789,40.7806282043457,149.97188333333335
2024-04-12,181.6453352005173,181.60557055454913,157.94268888913757,0.28621335626854416,100.0,382.9,1190.86,100.0,100.0,66.85525512695312,83.5958023071289,40.22700500488281,148.749405
2024-04-19,180.08749815771858,180.08160610019775,159.92460271686704,0.24161533695274137,100.0,383.5,1194.48,100.0,100.0,65.80931091308594,83.3405990600586,40.020565032958984,144.927673
2024-04-26,184.3123570153021,184.34113228902413,164.37764017645543,0.356088269705339,100.0,417.1,1177.85,100.0,100.0,66.75065612792969,83.40640258789062,40.17070388793945,144.580326
2024-05-03,189.46856846546416,189.55395459702208,169.06274523250272,0.36402350064817857,100.0,452.7,1168.72,100.0,100.0,68.08187103271484,83.46430206298828,41.0621337890625,145.70713333333333
2024-05-10,197.52893276921947,197.47097775206507,171.74086184960888,0.5637106596234104,100.0,512.3,1219.74,100.0,100.0,69.24192810058594,83.40509796142578,41.9911003112793,151.760674
2024-05-17,197.5326307491127,197.57335183070336,172.59819727167476,0.5798367623992566,100.0,539.4,1221.51,100.0,100.0,67.7110366821289,83.26709747314453,41.29671859741211,158.94752
2024-05-24,201.54079721084247,201.6388059002841,173.27758369863346,0.5635988470736529,100.0,584.1,1248.79,100.0,100.0,67.42578125,83.3656005859375,41.02459716796875,157.4341
2024-05-31,201.9426268697846,201.91060188412948,173.7249025291333,0.577658572221125,100.0,616.5,1258.56,100.0,100.0,65.76176452636719,83.38079833984375,40.40528869628906,154.782578
2024-06-07,200.18113510545868,199.9375396805909,173.8860351618225,0.6029597849607807,100.0,628.5,1346.07,100.0,100.0,63.051795959472656,83.5343017578125,38.32215881347656,159.53314
2024-06-14,200.30704131088663,200.92519269080344,173.6212847232053,0.5454612868170722,100.0,633.7,1351.14,100.0,100.0,62.785552978515625,83.41950225830078,39.08876037597656,161.62909875
2024-06-21,197.06426998622078,197.72471186023677,172.91150705653655,0.6861242290847144,100.0,604.4,1339.65,100.0,100.0,62.519317626953125,83.58039855957031,38.4809684753418,162.06158799999997
2024-06-28,197.4058863801802,197.01099301522467,171.88341263559056,0.6031026284477591,100.0,568.3,1357.9,100.0,100.0,64.55416870117188,83.49120330810547,40.04793167114258,163.962078
2024-07-05,196.39912708331258,196.2324498635819,170.66371193414162,0.16024881551442147,100.0,544.6,1377.49,100.0,100.0,65.03910827636719,83.49590301513672,39.924476623535156,163.884293
2024-07-12,194.77859663424908,195.69958536849896,168.5115712401231,0.1779918099276055,100.0,534.2,1312.42,100.0,100.0,65.30535125732422,83.57209777832031,38.20555877685547,162.906479
2024-07-19,192.42730399450397,192.4815597256002,165.18606389018075,0.07132345212215765,100.0,503.6,1302.91,100.0,100.0,65.64765930175781,83.74299621582031,37.312862396240234,160.244711
2024-07-26,188.723458601356,189.14985738262212,161.56376093115756,0.09710022706767059,100.0,488.1,1303.48,100.0,100.0,64.19284057617188,83.7177963256836,36.866512298583984,156.922308
2024-08-02,182.45837374131412,182.2707922784706,158.52123340989644,0.2543110848505602,100.0,468.2,1268.16,100.0,100.0,61.768131256103516,83.94239807128906,35.77437973022461,156.499291
2024-08-09,183.01188193020465,182.92311808942654,155.84440598577922,0.28239853537945553,100.0,468.2,1267.61,100.0,100.0,62.11995315551758,83.97149658203125,36.16374969482422,157.74875
2024-08-16,180.19127408083264,180.156375348473,153.15396994218352,0.28721969778066503,100.0,429.9,1269.98,100.0,100.0,62.47177505493164,83.88860321044922,36.733558654785156,156.51826
2024-08-23,178.91122870323173,178.85179150746475,151.07864626194592,0.24254326673969934,100.0,404.9,1244.07,100.0,100.0,63.34657287597656,83.94149780273438,37.1229248046875,154.18482899999998
2024-08-30,172.5360325379188,172.7570973268501,150.24715592790307,0.3749741097361644,100.0,405.9,1217.57,100.0,100.0,59.59065628051758,83.98249816894531,35.26155471801758,150.899089
2024-09-06,173.3478625290834,173.5457093710429,151.45495076898058,0.4948612398405533,100.0,406.3,1173.25,100.0,100.0,60.551029205322266,83.99259948730469,35.726898193359375,148.50253800000002
2024-09-13,178.13573863103653,178.24516427239706,154.11209941935113,0.8346683508402567,100.0,398.7,1114.16,100.0,100.0,64.6017074584961,83.69170379638672,37.835182189941406,150.481673
2024-09-20,182.17438804478806,182.04393718996596,156.7692480697217,0.8900819207814575,100.0,399.4,1130.41,100.0,100.0,66.91231536865234,83.62409973144531,40.99760818481445,151.00404375
2024-09-27,181.40090253770646,181.64507147572877,157.97704291079924,0.7777525347875731,100.0,392.3,1224.28,100.0,100.0,65.81881713867188,83.91960144042969,40.58925247192383,151.080221
2024-10-04,181.91486368925425,181.9147746781715,157.35678232736572,0.7710107350602677,100.0,392.3,1307.42,100.0,100.0,65.24829864501953,83.94219970703125,39.668060302734375,151.080221
2024-10-11,181.6554043586073,181.5104042515172,155.992209043812,0.7265413263931079,100.0,394.8,1263.32,100.0,100.0,65.4194564819336,84.03929901123047,39.08876037597656,154.11103
2024-10-18,178.37073588719875,178.43158380241726,154.62763576025824,0.7667691282369583,100.0,393.9,1231.76,100.0,100.0,63.75544357299805,84.06759643554688,38.64241027832031,155.77758833333334
2024-10-25,176.9847330698836,177.08067043373788,154.00737517682472,0.48661724093238584,100.0,380.4,1210.69,100.0,100.0,63.869544982910156,84.08910369873047,38.120086669921875,153.424415
2024-11-01,186.53751605942935,186.57317063675006,154.63809696300885,0.8741397076488949,100.0,380.1,1189.97,100.0,100.0,70.07868957519531,84.2511978149414,40.58925247192383,152.075711
2024-11-08,178.18572137588794,178.54613531920108,156.02568489261395,0.9499984340387022,100.0,381.8,1203.34,100.0,100.0,64.6207275390625,84.4229965209961,36.51512908935547,151.560561
2024-11-15,181.46148237517795,181.51549751135093,157.41327282221903,0.9339681778890758,100.0,379.6,1186.7,100.0,100.0,66.9693603515625,84.38310241699219,37.312862396240234,149.32460799999998
2024-11-22,181.78392230016595,181.72205383767584,158.04399460840315,0.9202786666481825,100.0,373.1,1190.59,100.0,100.0,67.49234008789062,84.42030334472656,37.217891693115234,146.79546299999998
2024-11-29,179.9892239783173,179.9274739850394,155.81535683834306,0.9108269784878014,100.0,378.2,1156.08,100.0,100.0,66.45589447021484,84.70700073242188,37.4078254699707,146.094413
2024-12-06,177.2133014299424,177.26946700681927,150.91235374421086,0.904199560198773,100.0,384.5,1197.33,100.0,100.0,63.926597595214844,84.85710144042969,36.7525520324707,147.61840899999999
2024-12-13,167.65709204176073,167.5768411171123,146.00935065007866,0.9438610218882016,100.0,385.5,1217.75,100.0,100.0,57.67941665649414,85.16549682617188,33.229248046875,149.032517
2024-12-20,165.2958889915501,165.3218555475117,143.78071288001854,0.9299665688989303,100.0,384.6,1232.02,100.0,100.0,56.100982666015625,85.41339874267578,34.34119415283203,150.08687600000002
2024-12-27,166.6816841588834,166.64370070054284,144.13813636512472,0.7580058126884205,100.0,379.2,1236.86,100.0,100.0,57.21686935424805,85.78569793701172,33.954795837402344,151.269405
2025-01-03,165.81682592999644,165.9059584963287,145.07870858367394,0.6512218030766472,100.0,380.8,1195.57,100.0,100.0,57.029823303222656,85.90750122070312,34.00309753417969,152.00611874999998
2025-01-10,168.77925458055327,168.74012142115745,146.40488218051232,0.6449255720240384,100.0,380.6,1145.27,100.0,100.0,59.431907653808594,86.43099975585938,34.64065170288086,152.463625
2025-01-17,170.0929956539603,170.08026468444984,147.91910980048584,0.6586568456676222,100.0,384.3,1152.98,100.0,100.0,59.96351623535156,86.47270202636719,34.911128997802734,153.60566
2025-01-24,175.34148557810056,175.3727652866395,150.6799751943616,0.7666071627167272,100.0,430.8,1130.28,100.0,100.0,60.88890838623047,86.6406021118164,34.79521179199219,153.613315
2025-01-31,176.9066128239189,176.9024745949126,154.74875189378474,0.7521421101208158,100.0,430.8,1151.72,100.0,100.0,61.63710021972656,87.33409881591797,35.45209503173828,153.613315
2025-02-07,177.63978498599317,177.60668887681618,158.43192721491883,0.34538629880334776,100.0,430.8,1160.48,100.0,100.0,62.00135040283203,86.8740005493164,36.26353073120117,156.505175
2025-02-14,183.99687073830222,184.01248706401896,160.0359884739272,0.3476783029135356,100.0,484.8,1144.03,100.0,100.0,63.13347625732422,86.872802734375,36.4180908203125,160.38832416666665
2025-02-21,179.90243329704734,179.89375556945416,159.79347315990077,0.5193043421914996,100.0,465.9,1168.21,100.0,100.0,61.37129592895508,87.16220092773438,34.77589416503906,165.759365
2025-02-28,178.62480812568816,178.65205340732743,159.1360065487271,0.5206267725793519,100.0,448.2,1152.93,100.0,100.0,61.725704193115234,86.88929748535156,35.9254264831543,167.570795
2025-03-07,175.93345777771017,175.94450338395228,158.16870763676457,0.5688104747867833,100.0,449.0,1108.51,100.0,100.0,60.47543716430664,87.3405990600586,35.4134521484375,166.625495
2025-03-14,180.50663082316538,180.51784889522813,156.99669542037162,0.6108426110332286,100.0,449.0,1122.57,100.0,100.0,63.18270492553711,86.33709716796875,36.649925231933594,164.68955599999998
2025-03-21,181.1101277498091,181.08487109400033,154.20000762533672,0.5257174756736199,100.0,461.2,1140.99,100.0,100.0,62.680625915527344,86.09539794921875,36.079986572265625,162.96812
2025-03-28,170.7255008643713,170.7018946115466,149.658422440362,0.8189704407322589,100.0,453.9,1132.9,100.0,100.0,56.685264587402344,85.65119934082031,32.901859283447266,162.190018
2025-04-04,167.2296129321738,167.2686072291706,145.42666955617602,0.8158228754184684,100.0,453.2,1150.38,100.0,100.0,54.352088928222656,86.20929718017578,31.085784912109375,162.74089874999999
2025-04-11,165.10321013028164,165.06747614952732,143.55947866350766,0.645831747932722,100.0,411.0,1082.94,100.0,100.0,56.10443115234375,85.62049865722656,32.84389877319336,168.398348
2025-04-18,168.32374695719736,168.32462177770628,144.08550583979658,0.7116697412653292,100.0,382.2,1103.05,100.0,100.0,59.51066589355469,85.4999008178711,34.87248992919922,166.873526
2025-04-25,167.9756567612492,167.96008679951711,145.37403196413476,0.707328492524215,100.0,373.7,1117.87,100.0,100.0,59.609107971191406,84.53119659423828,34.070716857910156,165.873879
2025-05-02,169.20992787862053,169.27609318522934,146.99072392972926,0.7083199235969977,100.0,373.7,1116.36,100.0,100.0,60.39667892456055,84.81719970703125,34.263916015625,165.4718475
2025-05-09,170.7874312898273,170.74961921412634,148.5012486297872,0.6304186034899589,100.0,353.6,1141.35,100.0,100.0,62.23762130737305,85.48760223388672,35.712913513183594,165.95006375
2025-05-16,171.3995311504649,171.42856708617907,149.80591371403563,0.6271996184188269,100.0,382.9,1164.81,100.0,100.0,60.73139572143555,85.60030364990234,35.26854705810547,166.971991
2025-05-23,173.43922267518127,173.5177586736218,151.1344192121558,0.24941330050415292,100.0,390.4,1153.72,100.0,100.0,61.70601272583008,85.38590240478516,35.722572326660156,168.780595
2025-05-30,176.04813441235132,175.98871621902148,152.54652058728598,0.18259322456667904,100.0,390.4,1154.29,100.0,100.0,63.33037567138672,85.9041976928711,36.398765563964844,169.259896
2025-06-06,177.1433816162935,177.18944119558327,154.1019733025646,0.12946342804507752,100.0,391.1,1163.98,100.0,100.0,63.871822357177734,85.46980285644531,36.601627349853516,170.10101625
2025-06-13,177.0477743300513,177.03374824338297,156.27818414170537,0.12761997929115945,100.0,393.6,1151.81,100.0,100.0,63.802913665771484,86.61360168457031,35.31685256958008,169.227085
2025-06-20,178.94167547402975,178.92462635591724,158.92468705282985,0.12600624445992104,100.0,394.4,1132.25,100.0,100.0,65.15162658691406,86.006103515625,37.28915023803711,170.47237
2025-06-27,185.10307076886494,185.07395642035766,161.15942824568793,0.23836127632262205,100.0,397.8,1105.49,100.0,100.0,69.09931945800781,85.69409942626953,38.519649505615234,168.855987
2025-07-04,186.38637719372235,186.38613455049244,162.1003539300295,0.24058517864751755,100.0,394.7,1117.48,100.0,100.0,69.94595336914062,85.70850372314453,38.883880615234375,168.158805
2025-07-11,185.06814295665913,185.04297556031088,161.4437202614092,0.2794080985240867,100.0,394.3,1125.36,100.0,100.0,69.0599365234375,85.88520050048828,38.499961853027344,168.508182
2025-07-18,188.1210604220766,188.10051461441094,159.99912619044454,0.27873124604142246,100.0,395.9,1120.52,100.0,100.0,70.93041229248047,86.39869689941406,40.10453796386719,170.053146
2025-07-25,181.99246437366716,181.9866104272425,158.55453211947986,0.4822796118283824,100.0,396.2,1128.08,100.0,100.0,67.00241088867188,87.714599609375,37.781349182128906,171.41666
2025-08-01,181.3854131947437,181.55406963889374,157.89789845085957,0.482271053349115,100.0,398.5,1122.03,100.0,100.0,66.55940246582031,87.76249694824219,38.53934097290039,173.197205
2025-08-08,185.8676082895695,185.86089644697526,158.34598330039285,0.5221958756068075,100.0,402.9,1136.32,100.0,100.0,68.96149444580078,87.44999694824219,39.55327224731445,173.95349000000002
2025-08-15,183.67600622683995,183.69422400207523,159.4488057579919,0.5448279727911347,100.0,402.3,1133.82,100.0,100.0,67.65216064453125,87.01820373535156,39.50405502319336,173.85423999999998
2025-08-22,187.60741448152427,187.65946902325462,160.84421768715558,0.4571241074677662,100.0,400.9,1126.04,100.0,100.0,70.27082061767578,87.65910339355469,40.3900146484375,173.101528
2025-08-29,186.40414000352453,186.46629653538238,162.1700709513827,0.45493566553079523,100.0,404.1,1119.11,100.0,100.0,69.41434478759766,88.072998046875,40.60658264160156,174.151593
2025-09-05,189.73806705297517,189.80220717086485,163.3537419387079,0.47520808692528144,100.0,406.7,1144.71,100.0,100.0,71.07807922363281,88.05339813232422,41.709110260009766,174.859444
2025-09-12,190.70558860883804,190.5841149477434,164.5876197859929,0.45163733266995215,100.0,410.9,1164.52,100.0,100.0,71.235595703125,87.91069793701172,41.64020538330078,174.831775
2025-09-19,189.09834399097878,189.0466428092961,165.9070754799776,0.2937400512721406,100.0,408.4,1123.36,100.0,100.0,70.8122787475586,88.77860260009766,42.831329345703125,174.790633
2025-09-26,192.37634957527808,192.4193820009121,167.34748000740163,0.3032659921122097,100.0,409.4,1118.24,100.0,100.0,72.85995483398438,88.68299865722656,44.317779541015625,177.954686
2025-10-03,194.1554061437379,194.0190701576559,169.10736769644163,0.2607970434938474,100.0,411.0,1130.96,100.0,100.0,73.7459716796875,88.7771987915039,45.410465240478516,179.8200225
2025-10-10,193.21459084545327,193.2706392367342,171.1343695870387,0.23719554704382392,100.0,411.1,1178.42,100.0,100.0,72.64337158203125,87.80950164794922,45.321868896484375,180.50923749999998
2025-10-17,198.0699709375316,198.15155654699134,173.08750173357924,0.26236364774508136,100.0,407.8,1176.55,100.0,100.0,75.88225555419922,87.74030303955078,44.997013092041016,181.3011958333333
2025-10-24,200.80594092014428,200.78811287858827,174.62578019044972,0.23838811169932267,100.0,404.8,1179.96,100.0,100.0,77.72319030761719,88.34559631347656,45.873130798339844,184.39754499999998
2025-10-31,200.19459024832935,200.22254168061443,175.6553236529424,0.2506058710515837,100.0,419.4,1200.45,100.0,100.0,76.30557250976562,88.55690002441406,44.53434753417969,184.777906
2025-11-07,202.89675569475338,202.78868189164757,176.45885688855282,0.2633561957107948,100.0,421.1,1226.97,100.0,100.0,77.61489868164062,88.59400177001953,45.59749984741211,183.28137
2025-11-14,197.61081520041355,197.77416303040502,177.2603050599722,0.398919407084151,100.0,421.1,1196.16,100.0,100.0,74.64183044433594,88.48719787597656,43.87479782104492,182.18397
2025-11-21,205.36101174040317,204.99393745231444,178.2835933298919,0.5327524434438239,100.0,422.7,1170.39,100.0,100.0,79.67242431640625,89.16300201416016,46.227516174316406,182.498796
2025-11-28,209.50314405376457,209.43555337100918,179.6132789167636,0.554905417105104,100.0,426.6,1172.06,100.0,100.0,82.02528381347656,90.17050170898438,48.32429504394531,184.274818
2025-12-05,213.84904419526714,213.87314550181054,181.21483824673317,0.5400207632689705,100.0,430.7,1176.3,100.0,100.0,84.46675109863281,89.79299926757812,49.6040153503418,190.40281
2025-12-12,212.1974644775043,212.06853588391616,183.13357529403314,0.5724029652553353,100.0,433.2,1153.32,100.0,100.0,83.5413589477539,90.4136962890625,48.63930130004883,201.278015
2025-12-19,212.84656390260963,213.19353049151547,185.414794032896,0.5872385091556848,100.0,431.4,1144.53,100.0,100.0,84.14187622070312,89.50789642333984,51.540000915527344,216.48117499999998
2025-12-26,214.245563552592,213.9471883795973,188.9339608433826,0.5744751068760876,100.0,432.8,1151.8,100.0,100.0,84.86000061035156,89.76940155029297,51.34000015258789,221.057334
2026-01-02,219.86266827547843,220.47407651396642,193.67487522653602,0.6133875452917552,100.0,440.1,1123.14,100.0,100.0,88.2699966430664,89.8644027709961,53.88999938964844,236.89595333333332
2026-01-09,226.87336656472962,226.7263782054448,198.3453408380622,0.40925503037903527,100.0,451.8,1152.76,100.0,100.0,91.68000030517578,90.18319702148438,57.06999969482422,242.86581
2026-01-16,231.57230843556692,231.86472052425444,201.65316133366704,0.31867675296620845,100.0,465.2,1157.23,100.0,100.0,93.81999969482422,91.53690338134766,57.880001068115234,241.31239399999998
2026-01-23,236.5823387477407,236.55026251753463,203.8288169436654,0.3286832984977006,100.0,466.5,1146.83,100.0,100.0,96.98999786376953,92.04080200195312,61.95000076293945,237.085462
2026-01-30,234.47321114776727,234.9476526749663,205.76076371591847,0.4252380531698068,100.0,471.3,1126.66,100.0,100.0,95.62000274658203,90.125,57.40999984741211,240.08662599999997
2026-02-06,240.82136390749315,240.3789743090091,207.14376903245167,0.36593746081776646,100.0,469.7,1118.9,100.0,100.0,99.76000213623047,90.73570251464844,60.68000030517578,235.300008
2026-02-13,238.48261931439785,238.78598830246162,207.67260027529045,0.4578406444099061,100.0,468.6,1117.02,100.0,100.0,98.37999725341797,90.79350280761719,60.20000076293945,232.998715
2026-02-20,242.5919323706099,241.54395093155873,205.9719968043508,0.44696747091649774,100.0,469.6,1127.49,100.0,100.0,100.77999877929688,90.95099639892578,64.12999725341797,232.998715
2026-02-27,231.35680640536881,231.69680901280725,202.2306691682835,0.8259177357294615,100.0,470.8,1175.17,100.0,100.0,93.18000030517578,92.12300109863281,58.790000915527344,234.47608375
2026-03-06,228.03220360947736,227.91856368010548,198.4893415322163,0.7863995010523084,100.0,475.6,1232.42,100.0,100.0,90.22000122070312,92.22879791259766,57.25,246.223735
2026-03-13,224.9317747780431,226.27151219017722,196.7887380612766,0.7549116908782254,100.0,475.6,1284.85,100.0,100.0,87.72000122070312,93.24659729003906,53.79999923706055,248.63315400000002
2026-03-20,225.7895057051178,226.43403891852833,199.49313199577335,0.6887677525292725,100.0,478.2,1240.17,100.0,100.0,88.58999633789062,94.6937026977539,53.59000015258789,250.86621300000002
2026-03-27,237.73587836880702,238.31930086687638,205.59284456250975,0.8918413032558913,100.0,537.1,1265.81,100.0,100.0,92.48999786376953,92.6426010131836,57.349998474121094,254.394971
2026-04-03,246.33977446591967,245.83964055185106,212.06767190635517,0.9065065516498164,100.0,545.3,1201.38,100.0,100.0,98.0999984741211,92.2748031616211,60.880001068115234,252.89773800000003
2026-04-10,248.29100777721385,248.24303442806965,215.89741017217892,0.8909860593469033,100.0,540.1,1201.38,100.0,100.0,99.61000061035156,93.38680267333984,62.7599983215332,252.751925
2026-04-17,252.6510440677194,250.47100050115256,217.24135798470076,0.8842311981819214,100.0,558.8,1201.38,100.0,100.0,101.29000091552734,93.80049896240234,61.7599983215332,254.408667
2026-04-24,253.11882559846418,250.47100050115256,217.83507624300458,0.7007323023818487,100.0,559.2,1201.38,100.0,100.0,101.55999755859375,93.9135971069336,61.79999923706055,257.169145
